"id","marka","model","gorsel_dosyasi","gorsel_kaynak","lisans","fotografci","guncel_fiyat_tl","ornek_ilan_fiyati_tl","ornek_yil","ornek_km","ilan_tarihi","arastirma_tarihi","fiyat_kaynagi","fiyat_durumu"
"mercedes-benz-190-e","Mercedes-Benz","190 E","/araclar/mercedes-benz-190-e.jpg","https://commons.wikimedia.org/wiki/File:Mercedes-Benz_190E_2.5-16_Evo_II_front_-_Stuttgart_Museum.jpg","CC BY-SA 4.0","GerdeeX","","269900","1992","260000","19 Temmuz 2026","2026-10-09","https://www.arabam.com/ikinci-el/otomobil/mercedes-benz-190-190-e-duz","Geçmiş dizin örneği; güncel fiyat doğrulanmadı"
"mercedes-benz-190-e","Mercedes-Benz","190 E","/araclar/mercedes-benz-190-e.jpg","https://commons.wikimedia.org/wiki/File:Mercedes-Benz_190E_2.5-16_Evo_II_front_-_Stuttgart_Museum.jpg","CC BY-SA 4.0","GerdeeX","","3275000","1987","170691","19 Temmuz 2026","2026-10-09","https://www.arabam.com/ikinci-el/otomobil/mercedes-benz-190-190-e-duz","Geçmiş dizin örneği; güncel fiyat doğrulanmadı"
"mercedes-benz-190-e","Mercedes-Benz","190 E","/araclar/mercedes-benz-190-e.jpg","https://commons.wikimedia.org/wiki/File:Mercedes-Benz_190E_2.5-16_Evo_II_front_-_Stuttgart_Museum.jpg","CC BY-SA 4.0","GerdeeX","","325000","1992","270000","19 Temmuz 2026","2026-10-09","https://www.arabam.com/ikinci-el/otomobil/mercedes-benz-190-190-e","Geçmiş dizin örneği; güncel fiyat doğrulanmadı"
"mercedes-benz-w123","Mercedes-Benz","W123","/araclar/mercedes-benz-w123.jpg","https://commons.wikimedia.org/wiki/File:Mercedes-Benz_W123_(Auto_classique_Ste-Rose_%2711).jpg","Public domain","Bull-Doser","","","","","","2026-10-09","","Güncel fiyat doğrulanmadı"
"mercedes-benz-w124","Mercedes-Benz","W124","/araclar/mercedes-benz-w124.jpg","https://commons.wikimedia.org/wiki/File:Mercedes-Benz_W124_260E_Impala_Metallic_-_front.jpg","CC BY-SA 4.0","Ethan Llamas","","","","","","2026-10-09","","Güncel fiyat doğrulanmadı"
"mercedes-benz-c-serisi","Mercedes-Benz","C Serisi","/araclar/mercedes-benz-c-serisi.jpg","https://commons.wikimedia.org/wiki/File:Mercedes-Benz_W204_C-Class.jpg","CC0","Corvettec6r","","1779500","2013","115000","20 Temmuz 2026","2026-10-09","https://www.arabam.com/ikinci-el/otomobil/mercedes-benz-c-c-180","Geçmiş dizin örneği; güncel fiyat doğrulanmadı"
"mercedes-benz-c-serisi","Mercedes-Benz","C Serisi","/araclar/mercedes-benz-c-serisi.jpg","https://commons.wikimedia.org/wiki/File:Mercedes-Benz_W204_C-Class.jpg","CC0","Corvettec6r","","1750000","2016","138000","15 Temmuz 2026","2026-10-09","https://www.arabam.com/ikinci-el/otomobil/mercedes-benz-c","Geçmiş dizin örneği; güncel fiyat doğrulanmadı"
"mercedes-benz-c-serisi","Mercedes-Benz","C Serisi","/araclar/mercedes-benz-c-serisi.jpg","https://commons.wikimedia.org/wiki/File:Mercedes-Benz_W204_C-Class.jpg","CC0","Corvettec6r","","4985000","2023","9999","15 Temmuz 2026","2026-10-09","https://www.arabam.com/ikinci-el/otomobil/mercedes-benz-c","Geçmiş dizin örneği; güncel fiyat doğrulanmadı"
"mercedes-benz-e-serisi","Mercedes-Benz","E Serisi","/araclar/mercedes-benz-e-serisi.jpg","https://commons.wikimedia.org/wiki/File:Mercedes-Benz_E-Class_facelift_taxicab_(Vogts_gate_52_(cropped)).jpg","CC BY-SA 4.0","Jan-Tore Egge","","560000","1997","420000","14 Temmuz 2026","2026-10-09","https://www.arabam.com/ikinci-el/otomobil/mercedes-benz-e","Geçmiş dizin örneği; güncel fiyat doğrulanmadı"
"mercedes-benz-e-serisi","Mercedes-Benz","E Serisi","/araclar/mercedes-benz-e-serisi.jpg","https://commons.wikimedia.org/wiki/File:Mercedes-Benz_E-Class_facelift_taxicab_(Vogts_gate_52_(cropped)).jpg","CC BY-SA 4.0","Jan-Tore Egge","","1969000","2014","138000","13 Temmuz 2026","2026-10-09","https://www.arabam.com/ikinci-el/otomobil/mercedes-benz-e","Geçmiş dizin örneği; güncel fiyat doğrulanmadı"
"mercedes-benz-e-serisi","Mercedes-Benz","E Serisi","/araclar/mercedes-benz-e-serisi.jpg","https://commons.wikimedia.org/wiki/File:Mercedes-Benz_E-Class_facelift_taxicab_(Vogts_gate_52_(cropped)).jpg","CC BY-SA 4.0","Jan-Tore Egge","","3295000","2018","130000","12 Temmuz 2026","2026-10-09","https://www.arabam.com/ikinci-el/otomobil/mercedes-benz-e","Geçmiş dizin örneği; güncel fiyat doğrulanmadı"
"audi-80","Audi","80","/araclar/audi-80.jpg","https://commons.wikimedia.org/wiki/File:Audi_80_LS_(6095668969).jpg","CC BY 2.0","nakhon100","","420000","1995","366000","19 Temmuz 2026","2026-10-09","https://www.arabam.com/ikinci-el/otomobil/audi-80-serisi","Geçmiş dizin örneği; güncel fiyat doğrulanmadı"
"audi-80","Audi","80","/araclar/audi-80.jpg","https://commons.wikimedia.org/wiki/File:Audi_80_LS_(6095668969).jpg","CC BY 2.0","nakhon100","","750000","1986","125000","19 Temmuz 2026","2026-10-09","https://www.arabam.com/ikinci-el/otomobil/audi-80-serisi-galeriden","Geçmiş dizin örneği; güncel fiyat doğrulanmadı"
"audi-80","Audi","80","/araclar/audi-80.jpg","https://commons.wikimedia.org/wiki/File:Audi_80_LS_(6095668969).jpg","CC BY 2.0","nakhon100","","3950000","1992","256834","19 Temmuz 2026","2026-10-09","https://www.arabam.com/ikinci-el/otomobil/audi-80-serisi-galeriden","Geçmiş dizin örneği; güncel fiyat doğrulanmadı"
"audi-100","Audi","100","/araclar/audi-100.png","https://commons.wikimedia.org/wiki/File:Audi_100_S4_C4_V8_4.2_Avant.png","CC0","Julianmuhle ©Julian Mietzke","","260000","1981","370000","18 Temmuz 2026","2026-10-09","https://www.arabam.com/ikinci-el/otomobil/audi-100-serisi","Geçmiş dizin örneği; güncel fiyat doğrulanmadı"
"audi-100","Audi","100","/araclar/audi-100.png","https://commons.wikimedia.org/wiki/File:Audi_100_S4_C4_V8_4.2_Avant.png","CC0","Julianmuhle ©Julian Mietzke","","215000","1985","312000","13 Haziran 2026","2026-10-09","https://www.arabam.com/ikinci-el/otomobil/audi-100-serisi","Geçmiş dizin örneği; güncel fiyat doğrulanmadı"
"audi-100","Audi","100","/araclar/audi-100.png","https://commons.wikimedia.org/wiki/File:Audi_100_S4_C4_V8_4.2_Avant.png","CC0","Julianmuhle ©Julian Mietzke","","550000","1983","128000","07 Nisan 2026","2026-10-09","https://www.arabam.com/ikinci-el/otomobil/audi-100-serisi","Geçmiş dizin örneği; güncel fiyat doğrulanmadı"
"audi-a3","Audi","A3","/araclar/audi-a3.jpg","https://commons.wikimedia.org/wiki/File:2022_Audi_A3_S_Line_35TFSI_-_1498cc_1.5_(150PS)_Petrol_-_Grey_-_04-2024,_Front.jpg","CC BY 4.0","Harvey Bold","","2270000","2021","83000","21 Temmuz 2026","2026-10-09","https://www.arabam.com/ikinci-el/otomobil/audi-a3-sahibinden","Geçmiş dizin örneği; güncel fiyat doğrulanmadı"
"audi-a3","Audi","A3","/araclar/audi-a3.jpg","https://commons.wikimedia.org/wiki/File:2022_Audi_A3_S_Line_35TFSI_-_1498cc_1.5_(150PS)_Petrol_-_Grey_-_04-2024,_Front.jpg","CC BY 4.0","Harvey Bold","","1670000","2018","180000","21 Temmuz 2026","2026-10-09","https://www.arabam.com/ikinci-el/otomobil/audi-a3-sahibinden","Geçmiş dizin örneği; güncel fiyat doğrulanmadı"
"audi-a3","Audi","A3","/araclar/audi-a3.jpg","https://commons.wikimedia.org/wiki/File:2022_Audi_A3_S_Line_35TFSI_-_1498cc_1.5_(150PS)_Petrol_-_Grey_-_04-2024,_Front.jpg","CC BY 4.0","Harvey Bold","","690000","2006","416000","21 Temmuz 2026","2026-10-09","https://www.arabam.com/ikinci-el/otomobil/audi-a3-sahibinden","Geçmiş dizin örneği; güncel fiyat doğrulanmadı"
"audi-a4","Audi","A4","/araclar/audi-a4.jpg","https://commons.wikimedia.org/wiki/File:AUDI_A4_ALLROAD_QUATTRO_B9_China.jpg","CC BY-SA 4.0","Dinkun Chen","","1025000","2013","355000","21 Temmuz 2026","2026-10-09","https://www.arabam.com/ikinci-el/otomobil/audi-a4","Geçmiş dizin örneği; güncel fiyat doğrulanmadı"
"audi-a4","Audi","A4","/araclar/audi-a4.jpg","https://commons.wikimedia.org/wiki/File:AUDI_A4_ALLROAD_QUATTRO_B9_China.jpg","CC BY-SA 4.0","Dinkun Chen","","875000","2012","451252","20 Temmuz 2026","2026-10-09","https://www.arabam.com/ikinci-el/otomobil/audi-a4","Geçmiş dizin örneği; güncel fiyat doğrulanmadı"
"audi-a4","Audi","A4","/araclar/audi-a4.jpg","https://commons.wikimedia.org/wiki/File:AUDI_A4_ALLROAD_QUATTRO_B9_China.jpg","CC BY-SA 4.0","Dinkun Chen","","999000","2014","345000","10 Temmuz 2026","2026-10-09","https://www.arabam.com/ikinci-el/otomobil/audi-a4","Geçmiş dizin örneği; güncel fiyat doğrulanmadı"
"audi-a6","Audi","A6","/araclar/audi-a6.jpg","https://commons.wikimedia.org/wiki/File:Audi_A6_C5_front_20070518.jpg","CC BY-SA 3.0","Rudolf Stricker","","425000","2000","435000","18 Temmuz 2026","2026-10-09","https://www.arabam.com/ikinci-el/otomobil/audi-a6","Geçmiş dizin örneği; güncel fiyat doğrulanmadı"
"audi-a6","Audi","A6","/araclar/audi-a6.jpg","https://commons.wikimedia.org/wiki/File:Audi_A6_C5_front_20070518.jpg","CC BY-SA 3.0","Rudolf Stricker","","899000","2008","420000","11 Temmuz 2026","2026-10-09","https://www.arabam.com/ikinci-el/otomobil/audi-a6","Geçmiş dizin örneği; güncel fiyat doğrulanmadı"
"volkswagen-beetle","Volkswagen","Beetle","/araclar/volkswagen-beetle.jpg","https://commons.wikimedia.org/wiki/File:1974_Volkswagen_(Type_1)_Beetle;_Annandale,_MN_(42547742534).jpg","CC BY 2.0","Greg Gjerdingen from Willmar, USA","","379750","2000","279000","16 Temmuz 2026","2026-10-09","https://www.arabam.com/ikinci-el/otomobil/volkswagen-beetle-2-0","Geçmiş dizin örneği; güncel fiyat doğrulanmadı"
"volkswagen-beetle","Volkswagen","Beetle","/araclar/volkswagen-beetle.jpg","https://commons.wikimedia.org/wiki/File:1974_Volkswagen_(Type_1)_Beetle;_Annandale,_MN_(42547742534).jpg","CC BY 2.0","Greg Gjerdingen from Willmar, USA","","475000","1998","169000","26 Haziran 2026","2026-10-09","https://www.arabam.com/ikinci-el/otomobil/volkswagen-beetle-2-0","Geçmiş dizin örneği; güncel fiyat doğrulanmadı"
"volkswagen-beetle","Volkswagen","Beetle","/araclar/volkswagen-beetle.jpg","https://commons.wikimedia.org/wiki/File:1974_Volkswagen_(Type_1)_Beetle;_Annandale,_MN_(42547742534).jpg","CC BY 2.0","Greg Gjerdingen from Willmar, USA","","550000","1974","110000","19 Temmuz 2026","2026-10-09","https://www.arabam.com/ikinci-el/otomobil/volkswagen-the-beetle","Geçmiş dizin örneği; güncel fiyat doğrulanmadı"
"volkswagen-golf","Volkswagen","Golf","/araclar/volkswagen-golf.jpg","https://commons.wikimedia.org/wiki/File:2018_Volkswagen_Golf_(Front).jpg","CC BY-SA 4.0","MjhdNfl","","648000","2013","398000","19 Temmuz 2026","2026-10-09","https://www.arabam.com/ikinci-el/otomobil/volkswagen-golf","Geçmiş dizin örneği; güncel fiyat doğrulanmadı"
"volkswagen-golf","Volkswagen","Golf","/araclar/volkswagen-golf.jpg","https://commons.wikimedia.org/wiki/File:2018_Volkswagen_Golf_(Front).jpg","CC BY-SA 4.0","MjhdNfl","","1500000","2016","152000","19 Temmuz 2026","2026-10-09","https://www.arabam.com/ikinci-el/otomobil/volkswagen-golf","Geçmiş dizin örneği; güncel fiyat doğrulanmadı"
"volkswagen-golf","Volkswagen","Golf","/araclar/volkswagen-golf.jpg","https://commons.wikimedia.org/wiki/File:2018_Volkswagen_Golf_(Front).jpg","CC BY-SA 4.0","MjhdNfl","","569000","2004","158000","18 Temmuz 2026","2026-10-09","https://www.arabam.com/ikinci-el/otomobil/volkswagen-golf","Geçmiş dizin örneği; güncel fiyat doğrulanmadı"
"volkswagen-passat","Volkswagen","Passat","/araclar/volkswagen-passat.jpg","https://commons.wikimedia.org/wiki/File:2020_Volkswagen_Passat_GTE_facelift_1.4_Front.jpg","CC BY-SA 4.0","Vauxford","","1390000","2015","248500","20 Temmuz 2026","2026-10-09","https://www.arabam.com/ikinci-el/otomobil/volkswagen-passat","Geçmiş dizin örneği; güncel fiyat doğrulanmadı"
"volkswagen-passat","Volkswagen","Passat","/araclar/volkswagen-passat.jpg","https://commons.wikimedia.org/wiki/File:2020_Volkswagen_Passat_GTE_facelift_1.4_Front.jpg","CC BY-SA 4.0","Vauxford","","1350000","2012","165000","18 Temmuz 2026","2026-10-09","https://www.arabam.com/ikinci-el/otomobil/volkswagen-passat-karabuk","Geçmiş dizin örneği; güncel fiyat doğrulanmadı"
"volkswagen-passat","Volkswagen","Passat","/araclar/volkswagen-passat.jpg","https://commons.wikimedia.org/wiki/File:2020_Volkswagen_Passat_GTE_facelift_1.4_Front.jpg","CC BY-SA 4.0","Vauxford","","1500000","2016","94000","18 Temmuz 2026","2026-10-09","https://www.arabam.com/ikinci-el/otomobil/volkswagen-passat-karabuk","Geçmiş dizin örneği; güncel fiyat doğrulanmadı"
"volkswagen-polo","Volkswagen","Polo","/araclar/volkswagen-polo.jpg","https://commons.wikimedia.org/wiki/File:2019_Volkswagen_Polo_SEL_TSI_-_999cc_1.0_(115PS)_Petrol_-_Flash_Red_-_03-2024,_Front.jpg","CC BY 4.0","Harvey Bold","","575000","2011","210000","20 Temmuz 2026","2026-10-09","https://www.arabam.com/ikinci-el/otomobil/volkswagen-polo","Geçmiş dizin örneği; güncel fiyat doğrulanmadı"
"volkswagen-polo","Volkswagen","Polo","/araclar/volkswagen-polo.jpg","https://commons.wikimedia.org/wiki/File:2019_Volkswagen_Polo_SEL_TSI_-_999cc_1.0_(115PS)_Petrol_-_Flash_Red_-_03-2024,_Front.jpg","CC BY 4.0","Harvey Bold","","770000","2015","177177","20 Temmuz 2026","2026-10-09","https://www.arabam.com/ikinci-el/otomobil/volkswagen-polo","Geçmiş dizin örneği; güncel fiyat doğrulanmadı"
"volkswagen-polo","Volkswagen","Polo","/araclar/volkswagen-polo.jpg","https://commons.wikimedia.org/wiki/File:2019_Volkswagen_Polo_SEL_TSI_-_999cc_1.0_(115PS)_Petrol_-_Flash_Red_-_03-2024,_Front.jpg","CC BY 4.0","Harvey Bold","","545000","2015","248000","20 Temmuz 2026","2026-10-09","https://www.arabam.com/ikinci-el/otomobil/volkswagen-polo","Geçmiş dizin örneği; güncel fiyat doğrulanmadı"
"volkswagen-jetta","Volkswagen","Jetta","/araclar/volkswagen-jetta.jpg","https://commons.wikimedia.org/wiki/File:2015_Volkswagen_Jetta_Hybrid_in_Pure_White,_front_right.jpg","CC BY-SA 3.0","Mr.choppers","","1350000","2015","143000","19 Temmuz 2026","2026-10-09","https://www.arabam.com/ikinci-el/otomobil/volkswagen-jetta","Geçmiş dizin örneği; güncel fiyat doğrulanmadı"
"volkswagen-jetta","Volkswagen","Jetta","/araclar/volkswagen-jetta.jpg","https://commons.wikimedia.org/wiki/File:2015_Volkswagen_Jetta_Hybrid_in_Pure_White,_front_right.jpg","CC BY-SA 3.0","Mr.choppers","","1095000","2015","227000","18 Temmuz 2026","2026-10-09","https://www.arabam.com/ikinci-el/otomobil/volkswagen-jetta","Geçmiş dizin örneği; güncel fiyat doğrulanmadı"
"volkswagen-jetta","Volkswagen","Jetta","/araclar/volkswagen-jetta.jpg","https://commons.wikimedia.org/wiki/File:2015_Volkswagen_Jetta_Hybrid_in_Pure_White,_front_right.jpg","CC BY-SA 3.0","Mr.choppers","","1280000","2017","180000","17 Temmuz 2026","2026-10-09","https://www.arabam.com/ikinci-el/otomobil/volkswagen-jetta","Geçmiş dizin örneği; güncel fiyat doğrulanmadı"
"volvo-240","Volvo","240","/araclar/volvo-240.jpg","https://commons.wikimedia.org/wiki/File:1989_Volvo_240_2.3_GL_003.jpg","CC BY 2.0","Rutger van der Maar","","550000","1989","169000","01 Haziran 2026","2026-10-09","https://www.arabam.com/ikinci-el/otomobil/volvo-240","Geçmiş dizin örneği; güncel fiyat doğrulanmadı"
"volvo-740","Volvo","740","/araclar/volvo-740.jpg","https://commons.wikimedia.org/wiki/File:1990-93_Volvo_740_sedan,_2.16.20.jpg","CC BY-SA 4.0","Ghostofakina","","","","","","2026-10-09","","Güncel fiyat doğrulanmadı"
"volvo-850","Volvo","850","/araclar/volvo-850.jpg","https://commons.wikimedia.org/wiki/File:Volvo_850_R_(4572195796).jpg","CC BY 2.0","nakhon100","","575000","1996","370001","18 Temmuz 2026","2026-10-09","https://www.arabam.com/ikinci-el/otomobil/volvo-850-2-0-t5","Geçmiş dizin örneği; güncel fiyat doğrulanmadı"
"volvo-850","Volvo","850","/araclar/volvo-850.jpg","https://commons.wikimedia.org/wiki/File:Volvo_850_R_(4572195796).jpg","CC BY 2.0","nakhon100","","450000","1996","183000","14 Temmuz 2026","2026-10-09","https://www.arabam.com/ikinci-el/otomobil/volvo-850-2-0-t5","Geçmiş dizin örneği; güncel fiyat doğrulanmadı"
"volvo-850","Volvo","850","/araclar/volvo-850.jpg","https://commons.wikimedia.org/wiki/File:Volvo_850_R_(4572195796).jpg","CC BY 2.0","nakhon100","","365000","1996","299000","08 Temmuz 2026","2026-10-09","https://www.arabam.com/ikinci-el/otomobil/volvo-850-2-0-t5","Geçmiş dizin örneği; güncel fiyat doğrulanmadı"
"volvo-s60","Volvo","S60","/araclar/volvo-s60.jpg","https://commons.wikimedia.org/wiki/File:2021_Volvo_S60_2.0_T8_R_Design_Plus_AWD_(Front).jpg","CC0","MoCars","","525000","2008","293500","11 Temmuz 2026","2026-10-09","https://www.arabam.com/ikinci-el/otomobil/volvo-s60","Geçmiş dizin örneği; güncel fiyat doğrulanmadı"
"volvo-s60","Volvo","S60","/araclar/volvo-s60.jpg","https://commons.wikimedia.org/wiki/File:2021_Volvo_S60_2.0_T8_R_Design_Plus_AWD_(Front).jpg","CC0","MoCars","","1359000","2016","167000","19 Haziran 2026","2026-10-09","https://www.arabam.com/ikinci-el/otomobil/volvo-s60","Geçmiş dizin örneği; güncel fiyat doğrulanmadı"
"volvo-s60","Volvo","S60","/araclar/volvo-s60.jpg","https://commons.wikimedia.org/wiki/File:2021_Volvo_S60_2.0_T8_R_Design_Plus_AWD_(Front).jpg","CC0","MoCars","","1080000","2011","206000","17 Haziran 2026","2026-10-09","https://www.arabam.com/ikinci-el/otomobil/volvo-s60","Geçmiş dizin örneği; güncel fiyat doğrulanmadı"
"volvo-s80","Volvo","S80","/araclar/volvo-s80.jpg","https://commons.wikimedia.org/wiki/File:Volvo_S80_2,9_2002.jpg","CC BY-SA 2.0","Tage Olsin","","940000","2012","285000","20 Temmuz 2026","2026-10-09","https://www.arabam.com/ikinci-el/otomobil/volvo-s80","Geçmiş dizin örneği; güncel fiyat doğrulanmadı"
"volvo-s80","Volvo","S80","/araclar/volvo-s80.jpg","https://commons.wikimedia.org/wiki/File:Volvo_S80_2,9_2002.jpg","CC BY-SA 2.0","Tage Olsin","","1460000","2014","165000","20 Temmuz 2026","2026-10-09","https://www.arabam.com/ikinci-el/otomobil/volvo-s80","Geçmiş dizin örneği; güncel fiyat doğrulanmadı"
"volvo-s80","Volvo","S80","/araclar/volvo-s80.jpg","https://commons.wikimedia.org/wiki/File:Volvo_S80_2,9_2002.jpg","CC BY-SA 2.0","Tage Olsin","","1040000","2013","228000","20 Temmuz 2026","2026-10-09","https://www.arabam.com/ikinci-el/otomobil/volvo-s80","Geçmiş dizin örneği; güncel fiyat doğrulanmadı"
"toyota-corolla","Toyota","Corolla","/araclar/toyota-corolla.jpg","https://commons.wikimedia.org/wiki/File:Toyota_Corolla_E180_sedan_01_China_2015-04-06.jpg","CC BY-SA 4.0","Navigator84","","1585000","2022","57000","20 Temmuz 2026","2026-10-09","https://www.arabam.com/ikinci-el/otomobil/toyota-corolla","Geçmiş dizin örneği; güncel fiyat doğrulanmadı"
"toyota-corolla","Toyota","Corolla","/araclar/toyota-corolla.jpg","https://commons.wikimedia.org/wiki/File:Toyota_Corolla_E180_sedan_01_China_2015-04-06.jpg","CC BY-SA 4.0","Navigator84","","995000","2018","213000","20 Temmuz 2026","2026-10-09","https://www.arabam.com/ikinci-el/otomobil/toyota-corolla","Geçmiş dizin örneği; güncel fiyat doğrulanmadı"
"toyota-corolla","Toyota","Corolla","/araclar/toyota-corolla.jpg","https://commons.wikimedia.org/wiki/File:Toyota_Corolla_E180_sedan_01_China_2015-04-06.jpg","CC BY-SA 4.0","Navigator84","","1459900","2022","91000","20 Temmuz 2026","2026-10-09","https://www.arabam.com/ikinci-el/otomobil/toyota-corolla","Geçmiş dizin örneği; güncel fiyat doğrulanmadı"
"toyota-carina","Toyota","Carina","/araclar/toyota-carina.jpg","https://commons.wikimedia.org/wiki/File:1992_Toyota_Carina_01.jpg","CC BY-SA 3.0","Mytho88","","270000","1997","417650","20 Temmuz 2026","2026-10-09","https://www.arabam.com/ikinci-el/otomobil/toyota-carina","Geçmiş dizin örneği; güncel fiyat doğrulanmadı"
"toyota-carina","Toyota","Carina","/araclar/toyota-carina.jpg","https://commons.wikimedia.org/wiki/File:1992_Toyota_Carina_01.jpg","CC BY-SA 3.0","Mytho88","","350000","1997","262000","19 Temmuz 2026","2026-10-09","https://www.arabam.com/ikinci-el/otomobil/toyota-carina","Geçmiş dizin örneği; güncel fiyat doğrulanmadı"
"toyota-carina","Toyota","Carina","/araclar/toyota-carina.jpg","https://commons.wikimedia.org/wiki/File:1992_Toyota_Carina_01.jpg","CC BY-SA 3.0","Mytho88","","179000","1998","400000","18 Temmuz 2026","2026-10-09","https://www.arabam.com/ikinci-el/otomobil/toyota-carina","Geçmiş dizin örneği; güncel fiyat doğrulanmadı"
"toyota-camry","Toyota","Camry","/araclar/toyota-camry.jpg","https://commons.wikimedia.org/wiki/File:2018_Toyota_Camry_(ASV70R)_Ascent_sedan_(2018-08-27)_01.jpg","CC BY-SA 4.0","EurovisionNim","","699900","2000","183500","20 Temmuz 2026","2026-10-09","https://www.arabam.com/ikinci-el/otomobil/toyota-camry","Geçmiş dizin örneği; güncel fiyat doğrulanmadı"
"toyota-camry","Toyota","Camry","/araclar/toyota-camry.jpg","https://commons.wikimedia.org/wiki/File:2018_Toyota_Camry_(ASV70R)_Ascent_sedan_(2018-08-27)_01.jpg","CC BY-SA 4.0","EurovisionNim","","1000050","2005","215000","20 Temmuz 2026","2026-10-09","https://www.arabam.com/ikinci-el/otomobil/toyota-camry","Geçmiş dizin örneği; güncel fiyat doğrulanmadı"
"toyota-camry","Toyota","Camry","/araclar/toyota-camry.jpg","https://commons.wikimedia.org/wiki/File:2018_Toyota_Camry_(ASV70R)_Ascent_sedan_(2018-08-27)_01.jpg","CC BY-SA 4.0","EurovisionNim","","460000","1999","423000","20 Temmuz 2026","2026-10-09","https://www.arabam.com/ikinci-el/otomobil/toyota-camry","Geçmiş dizin örneği; güncel fiyat doğrulanmadı"
"toyota-yaris","Toyota","Yaris","/araclar/toyota-yaris.jpg","https://commons.wikimedia.org/wiki/File:2017_Toyota_Yaris_L_5-door,_front_right,_11-23-2023.jpg","CC BY-SA 4.0","MercurySable99","","440000","2004","224000","20 Temmuz 2026","2026-10-09","https://www.arabam.com/ikinci-el/otomobil/toyota-yaris","Geçmiş dizin örneği; güncel fiyat doğrulanmadı"
"toyota-yaris","Toyota","Yaris","/araclar/toyota-yaris.jpg","https://commons.wikimedia.org/wiki/File:2017_Toyota_Yaris_L_5-door,_front_right,_11-23-2023.jpg","CC BY-SA 4.0","MercurySable99","","885000","2012","168000","19 Temmuz 2026","2026-10-09","https://www.arabam.com/ikinci-el/otomobil/toyota-yaris","Geçmiş dizin örneği; güncel fiyat doğrulanmadı"
"toyota-yaris","Toyota","Yaris","/araclar/toyota-yaris.jpg","https://commons.wikimedia.org/wiki/File:2017_Toyota_Yaris_L_5-door,_front_right,_11-23-2023.jpg","CC BY-SA 4.0","MercurySable99","","1795000","2025","10700","17 Temmuz 2026","2026-10-09","https://www.arabam.com/ikinci-el/otomobil/toyota-yaris","Geçmiş dizin örneği; güncel fiyat doğrulanmadı"
"toyota-land-cruiser","Toyota","Land Cruiser","/araclar/toyota-land-cruiser.jpg","https://commons.wikimedia.org/wiki/File:Toyota_Land_Cruiser_GR.jpg","CC BY 4.0","Yosoydavid6","","","","","","2026-10-09","","Güncel fiyat doğrulanmadı"
"renault-r12","Renault","R12","/araclar/renault-r12.jpg","https://commons.wikimedia.org/wiki/File:1971_Renault_12_TL_Front.jpg","CC BY-SA 4.0","Vauxford","","110000","1978","250000","18 Temmuz 2026","2026-10-09","https://www.arabam.com/ikinci-el/otomobil/renault-r-12-tl","Geçmiş dizin örneği; güncel fiyat doğrulanmadı"
"renault-r12","Renault","R12","/araclar/renault-r12.jpg","https://commons.wikimedia.org/wiki/File:1971_Renault_12_TL_Front.jpg","CC BY-SA 4.0","Vauxford","","240000","1975","46000","17 Temmuz 2026","2026-10-09","https://www.arabam.com/ikinci-el/otomobil/renault-r-12-tl","Geçmiş dizin örneği; güncel fiyat doğrulanmadı"
"renault-r12","Renault","R12","/araclar/renault-r12.jpg","https://commons.wikimedia.org/wiki/File:1971_Renault_12_TL_Front.jpg","CC BY-SA 4.0","Vauxford","","385000","1980","280000","11 Temmuz 2026","2026-10-09","https://www.arabam.com/ikinci-el/otomobil/renault-r-12-tl","Geçmiş dizin örneği; güncel fiyat doğrulanmadı"
"renault-r9-broadway","Renault","R9 Broadway","/araclar/renault-r9-broadway.jpg","https://commons.wikimedia.org/wiki/File:1988_Renault_9_GTL.jpg","CC BY-SA 4.0","LikeDrinkingPoison","","","","","","2026-10-09","","Güncel fiyat doğrulanmadı"
"renault-r11-flash","Renault","R11 Flash","/araclar/renault-r11-flash.jpg","https://commons.wikimedia.org/wiki/File:1986_Renault_11_1.2_front.jpg","CC BY 2.0","Rutger van der Maar","","220000","1992","215000","20 Temmuz 2026","2026-10-09","https://www.arabam.com/ikinci-el/otomobil/renault-r-11-flash","Geçmiş dizin örneği; güncel fiyat doğrulanmadı"
"renault-r11-flash","Renault","R11 Flash","/araclar/renault-r11-flash.jpg","https://commons.wikimedia.org/wiki/File:1986_Renault_11_1.2_front.jpg","CC BY 2.0","Rutger van der Maar","","115000","1991","300000","19 Temmuz 2026","2026-10-09","https://www.arabam.com/ikinci-el/otomobil/renault-r-11-flash","Geçmiş dizin örneği; güncel fiyat doğrulanmadı"
"renault-r11-flash","Renault","R11 Flash","/araclar/renault-r11-flash.jpg","https://commons.wikimedia.org/wiki/File:1986_Renault_11_1.2_front.jpg","CC BY 2.0","Rutger van der Maar","","135000","1992","290000","19 Temmuz 2026","2026-10-09","https://www.arabam.com/ikinci-el/otomobil/renault-r-11-flash","Geçmiş dizin örneği; güncel fiyat doğrulanmadı"
"renault-clio","Renault","Clio","/araclar/renault-clio.jpg","https://commons.wikimedia.org/wiki/File:2024_Renault_Clio_esprit_Alpine_HEV_-_1598cc_1.6_(140PS)_Petrol_Hybrid_-_Ceramic_Grey_-_07-2024,_Front.jpg","CC BY 4.0","Harvey Bold","","965000","2015","177000","20 Temmuz 2026","2026-10-09","https://www.arabam.com/ikinci-el/otomobil/Renault-clio","Geçmiş dizin örneği; güncel fiyat doğrulanmadı"
"renault-clio","Renault","Clio","/araclar/renault-clio.jpg","https://commons.wikimedia.org/wiki/File:2024_Renault_Clio_esprit_Alpine_HEV_-_1598cc_1.6_(140PS)_Petrol_Hybrid_-_Ceramic_Grey_-_07-2024,_Front.jpg","CC BY 4.0","Harvey Bold","","1000000","2017","135700","20 Temmuz 2026","2026-10-09","https://www.arabam.com/ikinci-el/otomobil/Renault-clio","Geçmiş dizin örneği; güncel fiyat doğrulanmadı"
"renault-clio","Renault","Clio","/araclar/renault-clio.jpg","https://commons.wikimedia.org/wiki/File:2024_Renault_Clio_esprit_Alpine_HEV_-_1598cc_1.6_(140PS)_Petrol_Hybrid_-_Ceramic_Grey_-_07-2024,_Front.jpg","CC BY 4.0","Harvey Bold","","1095000","2022","68500","20 Temmuz 2026","2026-10-09","https://www.arabam.com/ikinci-el/otomobil/Renault-clio","Geçmiş dizin örneği; güncel fiyat doğrulanmadı"
"renault-megane","Renault","Megane","/araclar/renault-megane.jpg","https://commons.wikimedia.org/wiki/File:Renault_Megane_front_20071101.jpg","CC BY-SA 3.0","Rudolf Stricker","","1185000","2017","125200","21 Temmuz 2026","2026-10-09","https://www.arabam.com/ikinci-el/otomobil/renault-megane","Geçmiş dizin örneği; güncel fiyat doğrulanmadı"
"renault-megane","Renault","Megane","/araclar/renault-megane.jpg","https://commons.wikimedia.org/wiki/File:Renault_Megane_front_20071101.jpg","CC BY-SA 3.0","Rudolf Stricker","","1360000","2022","82000","21 Temmuz 2026","2026-10-09","https://www.arabam.com/ikinci-el/otomobil/renault-megane","Geçmiş dizin örneği; güncel fiyat doğrulanmadı"
"renault-megane","Renault","Megane","/araclar/renault-megane.jpg","https://commons.wikimedia.org/wiki/File:Renault_Megane_front_20071101.jpg","CC BY-SA 3.0","Rudolf Stricker","","1198000","2021","95000","20 Temmuz 2026","2026-10-09","https://www.arabam.com/ikinci-el/otomobil/renault-megane","Geçmiş dizin örneği; güncel fiyat doğrulanmadı"
"fiat-124","Fiat","124","/araclar/fiat-124.jpg","https://commons.wikimedia.org/wiki/File:Fiat_124-Sedan_Front-view.JPG","Public domain","No machine-readable author provided. Luc106 assumed (based on copyright claims).","","","","","","2026-10-09","","Güncel fiyat doğrulanmadı"
"fiat-131-sahin","Fiat","131 Şahin","/araclar/fiat-131-sahin.jpg","https://commons.wikimedia.org/wiki/File:TofasSahininAntalyafront.JPG","Public domain","OnkelFordTaunus","","","","","","2026-10-09","","Güncel fiyat doğrulanmadı"
"fiat-uno","Fiat","Uno","/araclar/fiat-uno.jpg","https://commons.wikimedia.org/wiki/File:Fiat_Uno_2_p_S_Chiara.jpg","Public domain","Charles01","","149000","1995","296000","19 Temmuz 2026","2026-10-09","https://www.arabam.com/ikinci-el/otomobil/fiat-uno","Geçmiş dizin örneği; güncel fiyat doğrulanmadı"
"fiat-uno","Fiat","Uno","/araclar/fiat-uno.jpg","https://commons.wikimedia.org/wiki/File:Fiat_Uno_2_p_S_Chiara.jpg","Public domain","Charles01","","165000","1996","193000","18 Temmuz 2026","2026-10-09","https://www.arabam.com/ikinci-el/otomobil/fiat-uno","Geçmiş dizin örneği; güncel fiyat doğrulanmadı"
"fiat-uno","Fiat","Uno","/araclar/fiat-uno.jpg","https://commons.wikimedia.org/wiki/File:Fiat_Uno_2_p_S_Chiara.jpg","Public domain","Charles01","","159000","1996","245000","15 Temmuz 2026","2026-10-09","https://www.arabam.com/ikinci-el/otomobil/fiat-uno","Geçmiş dizin örneği; güncel fiyat doğrulanmadı"
"fiat-tipo","Fiat","Tipo","/araclar/fiat-tipo.jpg","https://commons.wikimedia.org/wiki/File:Fiat_Tipo_mit_Baustelle.JPG","Public domain","Charles01","","157900","1996","360000","12 Temmuz 2026","2026-10-09","https://www.arabam.com/ikinci-el/otomobil/fiat-tipo","Geçmiş dizin örneği; güncel fiyat doğrulanmadı"
"fiat-tipo","Fiat","Tipo","/araclar/fiat-tipo.jpg","https://commons.wikimedia.org/wiki/File:Fiat_Tipo_mit_Baustelle.JPG","Public domain","Charles01","","130000","1994","384000","20 Temmuz 2026","2026-10-09","https://www.arabam.com/ikinci-el/otomobil/fiat-tipo","Geçmiş dizin örneği; güncel fiyat doğrulanmadı"
"fiat-tipo","Fiat","Tipo","/araclar/fiat-tipo.jpg","https://commons.wikimedia.org/wiki/File:Fiat_Tipo_mit_Baustelle.JPG","Public domain","Charles01","","165000","1994","350000","20 Temmuz 2026","2026-10-09","https://www.arabam.com/ikinci-el/otomobil/fiat-tipo","Geçmiş dizin örneği; güncel fiyat doğrulanmadı"
"fiat-egea","Fiat","Egea","/araclar/fiat-egea.jpg","https://commons.wikimedia.org/wiki/File:2016_Fiat_Tipo_Lounge_T-Jet_Estate_1.4_Front.jpg","CC BY-SA 4.0","Vauxford","","1215000","2023","69000","21 Temmuz 2026","2026-10-09","https://www.arabam.com/ikinci-el/otomobil/fiat-egea-1-6-multijet-easy","Geçmiş dizin örneği; güncel fiyat doğrulanmadı"
"fiat-egea","Fiat","Egea","/araclar/fiat-egea.jpg","https://commons.wikimedia.org/wiki/File:2016_Fiat_Tipo_Lounge_T-Jet_Estate_1.4_Front.jpg","CC BY-SA 4.0","Vauxford","","805000","2018","205000","20 Temmuz 2026","2026-10-09","https://www.arabam.com/ikinci-el/otomobil/fiat-egea","Geçmiş dizin örneği; güncel fiyat doğrulanmadı"
"fiat-egea","Fiat","Egea","/araclar/fiat-egea.jpg","https://commons.wikimedia.org/wiki/File:2016_Fiat_Tipo_Lounge_T-Jet_Estate_1.4_Front.jpg","CC BY-SA 4.0","Vauxford","","998000","2023","122000","19 Temmuz 2026","2026-10-09","https://www.arabam.com/ikinci-el/otomobil/fiat-egea","Geçmiş dizin örneği; güncel fiyat doğrulanmadı"
"peugeot-205","Peugeot","205","/araclar/peugeot-205.jpg","https://commons.wikimedia.org/wiki/File:1993_Peugeot_205_Trio_1.1_Front.jpg","CC BY-SA 4.0","Vauxford","","925000","1993","131000","19 Temmuz 2026","2026-10-09","https://www.arabam.com/ikinci-el/otomobil/peugeot-205","Geçmiş dizin örneği; güncel fiyat doğrulanmadı"
"peugeot-205","Peugeot","205","/araclar/peugeot-205.jpg","https://commons.wikimedia.org/wiki/File:1993_Peugeot_205_Trio_1.1_Front.jpg","CC BY-SA 4.0","Vauxford","","1325000","1988","65000","16 Temmuz 2026","2026-10-09","https://www.arabam.com/ikinci-el/otomobil/peugeot-205","Geçmiş dizin örneği; güncel fiyat doğrulanmadı"
"peugeot-205","Peugeot","205","/araclar/peugeot-205.jpg","https://commons.wikimedia.org/wiki/File:1993_Peugeot_205_Trio_1.1_Front.jpg","CC BY-SA 4.0","Vauxford","","420000","1994","159353","09 Temmuz 2026","2026-10-09","https://www.arabam.com/ikinci-el/otomobil/peugeot-205","Geçmiş dizin örneği; güncel fiyat doğrulanmadı"
"peugeot-306","Peugeot","306","/araclar/peugeot-306.jpg","https://commons.wikimedia.org/wiki/File:Peugeot_306_Cabriolet_(2001)_(34661439510).jpg","CC BY 2.0","Andrew Bone from Weymouth, England","","238000","2000","279000","20 Temmuz 2026","2026-10-09","https://www.arabam.com/ikinci-el/otomobil/peugeot-306","Geçmiş dizin örneği; güncel fiyat doğrulanmadı"
"peugeot-306","Peugeot","306","/araclar/peugeot-306.jpg","https://commons.wikimedia.org/wiki/File:Peugeot_306_Cabriolet_(2001)_(34661439510).jpg","CC BY 2.0","Andrew Bone from Weymouth, England","","155000","1998","245000","20 Temmuz 2026","2026-10-09","https://www.arabam.com/ikinci-el/otomobil/peugeot-306","Geçmiş dizin örneği; güncel fiyat doğrulanmadı"
"peugeot-306","Peugeot","306","/araclar/peugeot-306.jpg","https://commons.wikimedia.org/wiki/File:Peugeot_306_Cabriolet_(2001)_(34661439510).jpg","CC BY 2.0","Andrew Bone from Weymouth, England","","270000","1998","307000","20 Temmuz 2026","2026-10-09","https://www.arabam.com/ikinci-el/otomobil/peugeot-306","Geçmiş dizin örneği; güncel fiyat doğrulanmadı"
"peugeot-406","Peugeot","406","/araclar/peugeot-406.jpg","https://commons.wikimedia.org/wiki/File:Peugeot_406_Taxi.jpg","CC BY-SA 3.0","Hegor","","359750","2000","435000","07 Temmuz 2026","2026-10-09","https://www.arabam.com/ikinci-el/otomobil/peugeot-406","Geçmiş dizin örneği; güncel fiyat doğrulanmadı"
"peugeot-406","Peugeot","406","/araclar/peugeot-406.jpg","https://commons.wikimedia.org/wiki/File:Peugeot_406_Taxi.jpg","CC BY-SA 3.0","Hegor","","310000","2001","330000","20 Temmuz 2026","2026-10-09","https://www.arabam.com/ikinci-el/otomobil/peugeot-406","Geçmiş dizin örneği; güncel fiyat doğrulanmadı"
"peugeot-406","Peugeot","406","/araclar/peugeot-406.jpg","https://commons.wikimedia.org/wiki/File:Peugeot_406_Taxi.jpg","CC BY-SA 3.0","Hegor","","800000","1998","165000","20 Temmuz 2026","2026-10-09","https://www.arabam.com/ikinci-el/otomobil/peugeot-406","Geçmiş dizin örneği; güncel fiyat doğrulanmadı"
"peugeot-206","Peugeot","206","/araclar/peugeot-206.jpg","https://commons.wikimedia.org/wiki/File:Peugeot_206_front_20071007.jpg","CC BY-SA 3.0","Rudolf Stricker","","289000","2004","309000","18 Temmuz 2026","2026-10-09","https://www.arabam.com/ikinci-el/otomobil/peugeot-206","Geçmiş dizin örneği; güncel fiyat doğrulanmadı"
"peugeot-206","Peugeot","206","/araclar/peugeot-206.jpg","https://commons.wikimedia.org/wiki/File:Peugeot_206_front_20071007.jpg","CC BY-SA 3.0","Rudolf Stricker","","300000","2006","258000","17 Temmuz 2026","2026-10-09","https://www.arabam.com/ikinci-el/otomobil/peugeot-206","Geçmiş dizin örneği; güncel fiyat doğrulanmadı"
"peugeot-206","Peugeot","206","/araclar/peugeot-206.jpg","https://commons.wikimedia.org/wiki/File:Peugeot_206_front_20071007.jpg","CC BY-SA 3.0","Rudolf Stricker","","269000","2000","256000","14 Temmuz 2026","2026-10-09","https://www.arabam.com/ikinci-el/otomobil/peugeot-206","Geçmiş dizin örneği; güncel fiyat doğrulanmadı"
"peugeot-307","Peugeot","307","/araclar/peugeot-307.jpg","https://commons.wikimedia.org/wiki/File:Peugeot_307_SW_front_20071217.jpg","CC BY-SA 3.0","Rudolf Stricker","","359000","2004","260000","20 Temmuz 2026","2026-10-09","https://www.arabam.com/ikinci-el/otomobil/peugeot-307","Geçmiş dizin örneği; güncel fiyat doğrulanmadı"
"peugeot-307","Peugeot","307","/araclar/peugeot-307.jpg","https://commons.wikimedia.org/wiki/File:Peugeot_307_SW_front_20071217.jpg","CC BY-SA 3.0","Rudolf Stricker","","385000","2006","236000","20 Temmuz 2026","2026-10-09","https://www.arabam.com/ikinci-el/otomobil/peugeot-307","Geçmiş dizin örneği; güncel fiyat doğrulanmadı"
"peugeot-307","Peugeot","307","/araclar/peugeot-307.jpg","https://commons.wikimedia.org/wiki/File:Peugeot_307_SW_front_20071217.jpg","CC BY-SA 3.0","Rudolf Stricker","","330000","2003","263000","20 Temmuz 2026","2026-10-09","https://www.arabam.com/ikinci-el/otomobil/peugeot-307","Geçmiş dizin örneği; güncel fiyat doğrulanmadı"
"tesla-model-s","Tesla","Model S","/araclar/tesla-model-s.jpg","https://commons.wikimedia.org/wiki/File:Tesla_Model_S_85D_02_China_2016-04-10.jpg","CC BY-SA 4.0","Navigator84","","","","","","2026-10-09","","Güncel fiyat doğrulanmadı"
"tesla-model-3","Tesla","Model 3","/araclar/tesla-model-3.jpg","https://commons.wikimedia.org/wiki/File:China-version_Tesla_Model_3_in_Shanghai.jpg","CC BY-SA 4.0","Jengtingchen","","","","","","2026-10-09","","Güncel fiyat doğrulanmadı"
"tesla-model-y","Tesla","Model Y","/araclar/tesla-model-y.jpg","https://commons.wikimedia.org/wiki/File:Tesla_Model_Y_Classic-Days_2022_DSC_0118.jpg","CC BY-SA 4.0","Alexander Migl","","","","","","2026-10-09","","Güncel fiyat doğrulanmadı"
"togg-t10x","Togg","T10X","/araclar/togg-t10x.jpg","https://commons.wikimedia.org/wiki/File:Togg_T10X.jpg","CC BY 4.0","Press Service of the President of the Republic of Azerbaijan","","1699000","2023","66000","21 Temmuz 2026","2026-10-09","https://www.arabam.com/ikinci-el/arazi-suv-pick-up/togg-t10x-v2-otomatik-sahibinden","Geçmiş dizin örneği; güncel fiyat doğrulanmadı"
"togg-t10x","Togg","T10X","/araclar/togg-t10x.jpg","https://commons.wikimedia.org/wiki/File:Togg_T10X.jpg","CC BY 4.0","Press Service of the President of the Republic of Azerbaijan","","1950000","2023","78000000","20 Temmuz 2026","2026-10-09","https://www.arabam.com/ikinci-el/arazi-suv-pick-up/togg-t10x-v2-otomatik-sahibinden","Geçmiş dizin örneği; güncel fiyat doğrulanmadı"
"togg-t10x","Togg","T10X","/araclar/togg-t10x.jpg","https://commons.wikimedia.org/wiki/File:Togg_T10X.jpg","CC BY 4.0","Press Service of the President of the Republic of Azerbaijan","","1650000","2023","45000","21 Temmuz 2026","2026-10-09","https://www.arabam.com/ikinci-el/arazi-suv-pick-up/togg-t10x-otomatik","Geçmiş dizin örneği; güncel fiyat doğrulanmadı"
"togg-t10f","Togg","T10F","/araclar/togg-t10f.jpg","https://commons.wikimedia.org/wiki/File:Togg_T10F_IAA_2025_DSC_2233.jpg","CC BY-SA 4.0","Alexander-93","","2425000","2025","6005","21 Temmuz 2026","2026-10-09","https://www.arabam.com/ikinci-el/otomobil/togg-t-10-f","Geçmiş dizin örneği; güncel fiyat doğrulanmadı"
"togg-t10f","Togg","T10F","/araclar/togg-t10f.jpg","https://commons.wikimedia.org/wiki/File:Togg_T10F_IAA_2025_DSC_2233.jpg","CC BY-SA 4.0","Alexander-93","","2469000","2026","12000","20 Temmuz 2026","2026-10-09","https://www.arabam.com/ikinci-el/togg-t-10-f/otomobil/togg-t10f-v2","Geçmiş dizin örneği; güncel fiyat doğrulanmadı"
"togg-t10f","Togg","T10F","/araclar/togg-t10f.jpg","https://commons.wikimedia.org/wiki/File:Togg_T10F_IAA_2025_DSC_2233.jpg","CC BY-SA 4.0","Alexander-93","","2179000","2025","20000","20 Temmuz 2026","2026-10-09","https://www.arabam.com/ikinci-el/togg-t-10-f/otomobil/togg-t10f-v2","Geçmiş dizin örneği; güncel fiyat doğrulanmadı"
"bmw-e30-3-serisi","BMW","E30 3 Serisi","/araclar/bmw-e30-3-serisi.jpg","https://commons.wikimedia.org/wiki/File:BMW_E30_Kombi_front_20071001.jpg","CC BY-SA 3.0","Rudolf Stricker","","","","","","2026-10-09","","Güncel fiyat doğrulanmadı"
"bmw-e36-3-serisi","BMW","E36 3 Serisi","/araclar/bmw-e36-3-serisi.jpg","https://commons.wikimedia.org/wiki/File:BMW_3-Series_E36-2C_01_China_2015-04-18.jpg","CC BY-SA 4.0","Navigator84","","","","","","2026-10-09","","Güncel fiyat doğrulanmadı"
"bmw-e39-5-serisi","BMW","E39 5 Serisi","/araclar/bmw-e39-5-serisi.jpg","https://commons.wikimedia.org/wiki/File:1999_BMW_523i_(5-Series,_E39)_in_Cyberjaya,_Malaysia_(03).jpg","CC BY-SA 3.0","Aero777","","","","","","2026-10-09","","Güncel fiyat doğrulanmadı"
"bmw-e46-3-serisi","BMW","E46 3 Serisi","/araclar/bmw-e46-3-serisi.jpg","https://commons.wikimedia.org/wiki/File:BMW_3_SERIES_COUPE_(E46)_China.jpg","CC BY-SA 4.0","Dinkun Chen","","819000","2005","313000","16 Temmuz 2026","2026-10-09","https://www.arabam.com/ikinci-el/otomobil/bmw-3-serisi-318ci-istanbul","Geçmiş dizin örneği; güncel fiyat doğrulanmadı"
"bmw-e46-3-serisi","BMW","E46 3 Serisi","/araclar/bmw-e46-3-serisi.jpg","https://commons.wikimedia.org/wiki/File:BMW_3_SERIES_COUPE_(E46)_China.jpg","CC BY-SA 4.0","Dinkun Chen","","1050000","2004","300000","16 Temmuz 2026","2026-10-09","https://www.arabam.com/ikinci-el/otomobil/bmw-3-serisi-318ci-istanbul","Geçmiş dizin örneği; güncel fiyat doğrulanmadı"
"bmw-e60-5-serisi","BMW","E60 5 Serisi","/araclar/bmw-e60-5-serisi.jpg","https://commons.wikimedia.org/wiki/File:BMW_5_SERIES_SEDAN_(E60)_China.jpg","CC BY-SA 4.0","Dinkun Chen","","1050000","2004","360000","06 Haziran 2026","2026-10-09","https://www.arabam.com/ikinci-el/otomobil/bmw-5-serisi-525i-standart-otomatik-sahibinden","Geçmiş dizin örneği; güncel fiyat doğrulanmadı"
"porsche-911","Porsche","911","/araclar/porsche-911.jpg","https://commons.wikimedia.org/wiki/File:2013_Porsche_911_Carrera_4S_(991)_(9626546987).jpg","CC BY-SA 2.0","David Villarreal Fernández","","6995000","2008","143000","18 Temmuz 2026","2026-10-09","https://www.arabam.com/ikinci-el/otomobil/porsche-911-istanbul-anadolu","Geçmiş dizin örneği; güncel fiyat doğrulanmadı"
"porsche-911","Porsche","911","/araclar/porsche-911.jpg","https://commons.wikimedia.org/wiki/File:2013_Porsche_911_Carrera_4S_(991)_(9626546987).jpg","CC BY-SA 2.0","David Villarreal Fernández","","2600000","2000","205000","17 Temmuz 2026","2026-10-09","https://www.arabam.com/ikinci-el/otomobil/porsche-911-istanbul-anadolu","Geçmiş dizin örneği; güncel fiyat doğrulanmadı"
"porsche-911","Porsche","911","/araclar/porsche-911.jpg","https://commons.wikimedia.org/wiki/File:2013_Porsche_911_Carrera_4S_(991)_(9626546987).jpg","CC BY-SA 2.0","David Villarreal Fernández","","23500000","2023","9500","17 Temmuz 2026","2026-10-09","https://www.arabam.com/ikinci-el/otomobil/porsche-911","Geçmiş dizin örneği; güncel fiyat doğrulanmadı"
"porsche-924","Porsche","924","/araclar/porsche-924.jpg","https://commons.wikimedia.org/wiki/File:Stuttgart_Jul_2012_26_(Porsche_Museum_-_1974_Porsche_924_Baustufe_1).JPG","CC BY-SA 4.0","Michael Barera","","","","","","2026-10-09","","Güncel fiyat doğrulanmadı"
"porsche-944","Porsche","944","/araclar/porsche-944.jpg","https://commons.wikimedia.org/wiki/File:1985_Porsche_944_(US_model),_front_left,_Hershey_2019.jpg","CC BY-SA 3.0","Mr.choppers","","","","","","2026-10-09","","Güncel fiyat doğrulanmadı"
"porsche-boxster","Porsche","Boxster","/araclar/porsche-boxster.jpg","https://commons.wikimedia.org/wiki/File:Porsche_718_Boxster_T_Genf_2019_1Y7A5425.jpg","CC BY-SA 4.0","Alexander Migl","","2000000","1998","130500","20 Temmuz 2026","2026-10-09","https://www.arabam.com/ikinci-el/otomobil/porsche-boxster","Geçmiş dizin örneği; güncel fiyat doğrulanmadı"
"porsche-boxster","Porsche","Boxster","/araclar/porsche-boxster.jpg","https://commons.wikimedia.org/wiki/File:Porsche_718_Boxster_T_Genf_2019_1Y7A5425.jpg","CC BY-SA 4.0","Alexander Migl","","1797000","1997","164000","17 Temmuz 2026","2026-10-09","https://www.arabam.com/ikinci-el/otomobil/porsche-boxster","Geçmiş dizin örneği; güncel fiyat doğrulanmadı"
"porsche-boxster","Porsche","Boxster","/araclar/porsche-boxster.jpg","https://commons.wikimedia.org/wiki/File:Porsche_718_Boxster_T_Genf_2019_1Y7A5425.jpg","CC BY-SA 4.0","Alexander Migl","","2500000","2007","124000","07 Temmuz 2026","2026-10-09","https://www.arabam.com/ikinci-el/otomobil/porsche-boxster","Geçmiş dizin örneği; güncel fiyat doğrulanmadı"
"porsche-cayenne","Porsche","Cayenne","/araclar/porsche-cayenne.jpg","https://commons.wikimedia.org/wiki/File:Porsche_Cayenne_GTS_2010_(14816888220).jpg","CC BY-SA 2.0","order_242 from Chile","","1350000","2006","300000","18 Temmuz 2026","2026-10-09","https://www.arabam.com/ikinci-el/arazi-suv-pick-up/porsche-cayenne-sahibinden","Geçmiş dizin örneği; güncel fiyat doğrulanmadı"
"porsche-cayenne","Porsche","Cayenne","/araclar/porsche-cayenne.jpg","https://commons.wikimedia.org/wiki/File:Porsche_Cayenne_GTS_2010_(14816888220).jpg","CC BY-SA 2.0","order_242 from Chile","","1300000","2006","350000","18 Temmuz 2026","2026-10-09","https://www.arabam.com/ikinci-el/arazi-suv-pick-up/porsche-cayenne-sahibinden","Geçmiş dizin örneği; güncel fiyat doğrulanmadı"
"porsche-cayenne","Porsche","Cayenne","/araclar/porsche-cayenne.jpg","https://commons.wikimedia.org/wiki/File:Porsche_Cayenne_GTS_2010_(14816888220).jpg","CC BY-SA 2.0","order_242 from Chile","","2860000","2012","303000","11 Temmuz 2026","2026-10-09","https://www.arabam.com/ikinci-el/arazi-suv-pick-up/porsche-cayenne-sahibinden","Geçmiş dizin örneği; güncel fiyat doğrulanmadı"
"opel-kadett","Opel","Kadett","/araclar/opel-kadett.jpg","https://commons.wikimedia.org/wiki/File:Opel_Kadett_1.3_S.jpg","CC BY 3.0","Andrej Danković","","699000","1990","200000","18 Temmuz 2026","2026-10-09","https://www.arabam.com/ikinci-el/otomobil/opel-kadett","Geçmiş dizin örneği; güncel fiyat doğrulanmadı"
"opel-kadett","Opel","Kadett","/araclar/opel-kadett.jpg","https://commons.wikimedia.org/wiki/File:Opel_Kadett_1.3_S.jpg","CC BY 3.0","Andrej Danković","","75000","1990","164000","17 Temmuz 2026","2026-10-09","https://www.arabam.com/ikinci-el/otomobil/opel-kadett","Geçmiş dizin örneği; güncel fiyat doğrulanmadı"
"opel-kadett","Opel","Kadett","/araclar/opel-kadett.jpg","https://commons.wikimedia.org/wiki/File:Opel_Kadett_1.3_S.jpg","CC BY 3.0","Andrej Danković","","100000","1990","114581","20 Haziran 2026","2026-10-09","https://www.arabam.com/ikinci-el/otomobil/opel-kadett","Geçmiş dizin örneği; güncel fiyat doğrulanmadı"
"opel-vectra","Opel","Vectra","/araclar/opel-vectra.jpg","https://commons.wikimedia.org/wiki/File:Opel_Vectra_A_1.7D_Sedan_(1988-1995_Pre-Facelift)-front.jpg","CC BY-SA 4.0","ROCostiTheBunnyCZ","","405750","2004","308750","17 Temmuz 2026","2026-10-09","https://www.arabam.com/ikinci-el/otomobil/opel-vectra","Geçmiş dizin örneği; güncel fiyat doğrulanmadı"
"opel-vectra","Opel","Vectra","/araclar/opel-vectra.jpg","https://commons.wikimedia.org/wiki/File:Opel_Vectra_A_1.7D_Sedan_(1988-1995_Pre-Facelift)-front.jpg","CC BY-SA 4.0","ROCostiTheBunnyCZ","","489000","2004","230000","14 Temmuz 2026","2026-10-09","https://www.arabam.com/ikinci-el/otomobil/opel-vectra","Geçmiş dizin örneği; güncel fiyat doğrulanmadı"
"opel-vectra","Opel","Vectra","/araclar/opel-vectra.jpg","https://commons.wikimedia.org/wiki/File:Opel_Vectra_A_1.7D_Sedan_(1988-1995_Pre-Facelift)-front.jpg","CC BY-SA 4.0","ROCostiTheBunnyCZ","","275000","1997","400000","15 Temmuz 2026","2026-10-09","https://www.arabam.com/ikinci-el/otomobil/opel-vectra","Geçmiş dizin örneği; güncel fiyat doğrulanmadı"
"opel-astra","Opel","Astra","/araclar/opel-astra.jpg","https://commons.wikimedia.org/wiki/File:Opel_Astra_G_Cabrio_front_20080228.jpg","CC BY-SA 3.0","Rudolf Stricker","","290000","2000","225000","21 Temmuz 2026","2026-10-09","https://www.arabam.com/ikinci-el/otomobil/opel-astra","Geçmiş dizin örneği; güncel fiyat doğrulanmadı"
"opel-astra","Opel","Astra","/araclar/opel-astra.jpg","https://commons.wikimedia.org/wiki/File:Opel_Astra_G_Cabrio_front_20080228.jpg","CC BY-SA 3.0","Rudolf Stricker","","325000","1996","260000","20 Temmuz 2026","2026-10-09","https://www.arabam.com/ikinci-el/otomobil/opel-astra","Geçmiş dizin örneği; güncel fiyat doğrulanmadı"
"opel-astra","Opel","Astra","/araclar/opel-astra.jpg","https://commons.wikimedia.org/wiki/File:Opel_Astra_G_Cabrio_front_20080228.jpg","CC BY-SA 3.0","Rudolf Stricker","","700000","2010","235000","20 Temmuz 2026","2026-10-09","https://www.arabam.com/ikinci-el/otomobil/opel-astra","Geçmiş dizin örneği; güncel fiyat doğrulanmadı"
"opel-corsa","Opel","Corsa","/araclar/opel-corsa.jpg","https://commons.wikimedia.org/wiki/File:Opel_Corsa_F_IMG_2476_(cropped).jpg","CC BY-SA 4.0","Alexander Migl","","1379000","2024","38000","21 Temmuz 2026","2026-10-09","https://www.arabam.com/ikinci-el/otomobil/opel-corsa","Geçmiş dizin örneği; güncel fiyat doğrulanmadı"
"opel-corsa","Opel","Corsa","/araclar/opel-corsa.jpg","https://commons.wikimedia.org/wiki/File:Opel_Corsa_F_IMG_2476_(cropped).jpg","CC BY-SA 4.0","Alexander Migl","","335000","1997","244000","19 Temmuz 2026","2026-10-09","https://www.arabam.com/ikinci-el/otomobil/opel-corsa","Geçmiş dizin örneği; güncel fiyat doğrulanmadı"
"opel-corsa","Opel","Corsa","/araclar/opel-corsa.jpg","https://commons.wikimedia.org/wiki/File:Opel_Corsa_F_IMG_2476_(cropped).jpg","CC BY-SA 4.0","Alexander Migl","","725000","2015","148000","19 Temmuz 2026","2026-10-09","https://www.arabam.com/ikinci-el/otomobil/opel-corsa","Geçmiş dizin örneği; güncel fiyat doğrulanmadı"
"opel-omega","Opel","Omega","/araclar/opel-omega.jpg","https://commons.wikimedia.org/wiki/File:Opel_Omega_front_20071007.jpg","CC BY-SA 3.0","Rudolf Stricker","","350000","2001","577400","29 Haziran 2026","2026-10-09","https://www.arabam.com/ikinci-el/otomobil/opel-omega-sahibinden","Geçmiş dizin örneği; güncel fiyat doğrulanmadı"
"opel-omega","Opel","Omega","/araclar/opel-omega.jpg","https://commons.wikimedia.org/wiki/File:Opel_Omega_front_20071007.jpg","CC BY-SA 3.0","Rudolf Stricker","","625000","2001","155000","12 Haziran 2026","2026-10-09","https://www.arabam.com/ikinci-el/otomobil/opel-omega?page=2","Geçmiş dizin örneği; güncel fiyat doğrulanmadı"
"opel-omega","Opel","Omega","/araclar/opel-omega.jpg","https://commons.wikimedia.org/wiki/File:Opel_Omega_front_20071007.jpg","CC BY-SA 3.0","Rudolf Stricker","","220000","1991","355000","09 Haziran 2026","2026-10-09","https://www.arabam.com/ikinci-el/otomobil/opel-omega-2-2-sahibinden","Geçmiş dizin örneği; güncel fiyat doğrulanmadı"
"honda-civic","Honda","Civic","/araclar/honda-civic.jpg","https://commons.wikimedia.org/wiki/File:Honda_Civic_3-door_1980_left_front_view.jpg","CC0","ITakePhotosOfCars","","1395000","2016","151000","20 Temmuz 2026","2026-10-09","https://www.arabam.com/ikinci-el/otomobil/honda-civic","Geçmiş dizin örneği; güncel fiyat doğrulanmadı"
"honda-civic","Honda","Civic","/araclar/honda-civic.jpg","https://commons.wikimedia.org/wiki/File:Honda_Civic_3-door_1980_left_front_view.jpg","CC0","ITakePhotosOfCars","","1655000","2021","28000","20 Temmuz 2026","2026-10-09","https://www.arabam.com/ikinci-el/otomobil/honda-civic","Geçmiş dizin örneği; güncel fiyat doğrulanmadı"
"honda-civic","Honda","Civic","/araclar/honda-civic.jpg","https://commons.wikimedia.org/wiki/File:Honda_Civic_3-door_1980_left_front_view.jpg","CC0","ITakePhotosOfCars","","595000","2007","287000","16 Temmuz 2026","2026-10-09","https://www.arabam.com/ikinci-el/otomobil/honda-civic-1-8-sahibinden","Geçmiş dizin örneği; güncel fiyat doğrulanmadı"
"honda-accord","Honda","Accord","/araclar/honda-accord.jpg","https://commons.wikimedia.org/wiki/File:Honda_Accord_2.jpg","CC BY 3.0","Andrej Danković","","625000","2009","452000","13 Temmuz 2026","2026-10-09","https://www.arabam.com/ikinci-el/otomobil/honda-accord","Geçmiş dizin örneği; güncel fiyat doğrulanmadı"
"honda-accord","Honda","Accord","/araclar/honda-accord.jpg","https://commons.wikimedia.org/wiki/File:Honda_Accord_2.jpg","CC BY 3.0","Andrej Danković","","550000","2004","455000","21 Temmuz 2026","2026-10-09","https://www.arabam.com/ikinci-el/otomobil/honda-accord","Geçmiş dizin örneği; güncel fiyat doğrulanmadı"
"honda-accord","Honda","Accord","/araclar/honda-accord.jpg","https://commons.wikimedia.org/wiki/File:Honda_Accord_2.jpg","CC BY 3.0","Andrej Danković","","920000","2011","327000","20 Temmuz 2026","2026-10-09","https://www.arabam.com/ikinci-el/otomobil/honda-accord","Geçmiş dizin örneği; güncel fiyat doğrulanmadı"
"honda-cr-v","Honda","CR-V","/araclar/honda-cr-v.jpg","https://commons.wikimedia.org/wiki/File:2018_Honda_CR-V_(RW_MY18)_%2BSport_2WD_wagon_(2018-10-22)_01.jpg","CC BY-SA 4.0","EurovisionNim","","785000","2008","424000","19 Temmuz 2026","2026-10-09","https://www.arabam.com/ikinci-el/arazi-suv-pick-up/honda-cr-v","Geçmiş dizin örneği; güncel fiyat doğrulanmadı"
"honda-cr-v","Honda","CR-V","/araclar/honda-cr-v.jpg","https://commons.wikimedia.org/wiki/File:2018_Honda_CR-V_(RW_MY18)_%2BSport_2WD_wagon_(2018-10-22)_01.jpg","CC BY-SA 4.0","EurovisionNim","","715000","2002","312000","21 Temmuz 2026","2026-10-09","https://www.arabam.com/ikinci-el/arazi-suv-pick-up/honda-cr-v","Geçmiş dizin örneği; güncel fiyat doğrulanmadı"
"honda-cr-v","Honda","CR-V","/araclar/honda-cr-v.jpg","https://commons.wikimedia.org/wiki/File:2018_Honda_CR-V_(RW_MY18)_%2BSport_2WD_wagon_(2018-10-22)_01.jpg","CC BY-SA 4.0","EurovisionNim","","1600000","2015","177000","20 Temmuz 2026","2026-10-09","https://www.arabam.com/ikinci-el/arazi-suv-pick-up/honda-cr-v","Geçmiş dizin örneği; güncel fiyat doğrulanmadı"
"honda-jazz","Honda","Jazz","/araclar/honda-jazz.jpg","https://commons.wikimedia.org/wiki/File:2007_Honda_Jazz_SE_i-DSi_-_1339cc_1.3_(84PS)_Petrol_-_Rallye_Red_-_02-2024,_Front.jpg","CC BY 4.0","Harvey Bold","","409500","2005","265000","18 Temmuz 2026","2026-10-09","https://www.arabam.com/ikinci-el/otomobil/honda-jazz","Geçmiş dizin örneği; güncel fiyat doğrulanmadı"
"honda-jazz","Honda","Jazz","/araclar/honda-jazz.jpg","https://commons.wikimedia.org/wiki/File:2007_Honda_Jazz_SE_i-DSi_-_1339cc_1.3_(84PS)_Petrol_-_Rallye_Red_-_02-2024,_Front.jpg","CC BY 4.0","Harvey Bold","","440000","2006","216000","20 Temmuz 2026","2026-10-09","https://www.arabam.com/ikinci-el/otomobil/honda-jazz-1-4-ls","Geçmiş dizin örneği; güncel fiyat doğrulanmadı"
"honda-jazz","Honda","Jazz","/araclar/honda-jazz.jpg","https://commons.wikimedia.org/wiki/File:2007_Honda_Jazz_SE_i-DSi_-_1339cc_1.3_(84PS)_Petrol_-_Rallye_Red_-_02-2024,_Front.jpg","CC BY 4.0","Harvey Bold","","580000","2008","143680","20 Temmuz 2026","2026-10-09","https://www.arabam.com/ikinci-el/otomobil/honda-jazz","Geçmiş dizin örneği; güncel fiyat doğrulanmadı"
"honda-prelude","Honda","Prelude","/araclar/honda-prelude.jpg","https://commons.wikimedia.org/wiki/File:Honda_Prelude_1978.jpg","CC BY-SA 3.0","Rikita","","5399000","2025","0","16 Temmuz 2026","2026-10-09","https://www.arabam.com/ikinci-el/otomobil/honda-prelude","Geçmiş dizin örneği; güncel fiyat doğrulanmadı"
"honda-prelude","Honda","Prelude","/araclar/honda-prelude.jpg","https://commons.wikimedia.org/wiki/File:Honda_Prelude_1978.jpg","CC BY-SA 3.0","Rikita","","677000","1993","270000","14 Temmuz 2026","2026-10-09","https://www.arabam.com/ikinci-el/otomobil/honda-prelude","Geçmiş dizin örneği; güncel fiyat doğrulanmadı"
"nissan-sunny","Nissan","Sunny","/araclar/nissan-sunny.jpg","https://commons.wikimedia.org/wiki/File:1985_B11_Nissan_Sunny.jpg","CC BY-SA 4.0","SealyPhoto","","160000","1993","307000","20 Temmuz 2026","2026-10-09","https://www.arabam.com/ikinci-el/otomobil/nissan-sunny","Geçmiş dizin örneği; güncel fiyat doğrulanmadı"
"nissan-sunny","Nissan","Sunny","/araclar/nissan-sunny.jpg","https://commons.wikimedia.org/wiki/File:1985_B11_Nissan_Sunny.jpg","CC BY-SA 4.0","SealyPhoto","","249000","1992","369000","17 Temmuz 2026","2026-10-09","https://www.arabam.com/ikinci-el/otomobil/nissan-sunny","Geçmiş dizin örneği; güncel fiyat doğrulanmadı"
"nissan-sunny","Nissan","Sunny","/araclar/nissan-sunny.jpg","https://commons.wikimedia.org/wiki/File:1985_B11_Nissan_Sunny.jpg","CC BY-SA 4.0","SealyPhoto","","160000","1991","313000","16 Temmuz 2026","2026-10-09","https://www.arabam.com/ikinci-el/otomobil/nissan-sunny","Geçmiş dizin örneği; güncel fiyat doğrulanmadı"
"nissan-primera","Nissan","Primera","/araclar/nissan-primera.jpg","https://commons.wikimedia.org/wiki/File:Nissan_primera_p10_1.8cicruise_1_f.jpg","CC BY-SA 4.0","Toyotacoronaexsaloon","","450000","2004","213000","19 Temmuz 2026","2026-10-09","https://www.arabam.com/ikinci-el/otomobil/nissan-primera-2-0","Geçmiş dizin örneği; güncel fiyat doğrulanmadı"
"nissan-primera","Nissan","Primera","/araclar/nissan-primera.jpg","https://commons.wikimedia.org/wiki/File:Nissan_primera_p10_1.8cicruise_1_f.jpg","CC BY-SA 4.0","Toyotacoronaexsaloon","","220000","1998","271500","19 Temmuz 2026","2026-10-09","https://www.arabam.com/ikinci-el/otomobil/nissan-primera-2-0","Geçmiş dizin örneği; güncel fiyat doğrulanmadı"
"nissan-primera","Nissan","Primera","/araclar/nissan-primera.jpg","https://commons.wikimedia.org/wiki/File:Nissan_primera_p10_1.8cicruise_1_f.jpg","CC BY-SA 4.0","Toyotacoronaexsaloon","","299000","1997","378000","18 Temmuz 2026","2026-10-09","https://www.arabam.com/ikinci-el/otomobil/nissan-primera-2-0","Geçmiş dizin örneği; güncel fiyat doğrulanmadı"
"nissan-micra","Nissan","Micra","/araclar/nissan-micra.jpg","https://commons.wikimedia.org/wiki/File:2017_Nissan_Micra_N-Connecta_IG-T_900cc_Front_(1).jpg","CC BY-SA 4.0","Vauxford","","495000","2004","202000","19 Temmuz 2026","2026-10-09","https://www.arabam.com/ikinci-el/otomobil/nissan-micra","Geçmiş dizin örneği; güncel fiyat doğrulanmadı"
"nissan-micra","Nissan","Micra","/araclar/nissan-micra.jpg","https://commons.wikimedia.org/wiki/File:2017_Nissan_Micra_N-Connecta_IG-T_900cc_Front_(1).jpg","CC BY-SA 4.0","Vauxford","","1125000","2022","52500","19 Temmuz 2026","2026-10-09","https://www.arabam.com/ikinci-el/otomobil/nissan-micra","Geçmiş dizin örneği; güncel fiyat doğrulanmadı"
"nissan-micra","Nissan","Micra","/araclar/nissan-micra.jpg","https://commons.wikimedia.org/wiki/File:2017_Nissan_Micra_N-Connecta_IG-T_900cc_Front_(1).jpg","CC BY-SA 4.0","Vauxford","","745000","2009","85650","18 Temmuz 2026","2026-10-09","https://www.arabam.com/ikinci-el/otomobil/nissan-micra","Geçmiş dizin örneği; güncel fiyat doğrulanmadı"
"nissan-almera","Nissan","Almera","/araclar/nissan-almera.jpg","https://commons.wikimedia.org/wiki/File:2003_Nissan_Almera_E_1.5_Front.jpg","CC BY-SA 4.0","Vauxford","","339999","2000","232700","20 Temmuz 2026","2026-10-09","https://www.arabam.com/ikinci-el/otomobil/nissan-almera","Geçmiş dizin örneği; güncel fiyat doğrulanmadı"
"nissan-almera","Nissan","Almera","/araclar/nissan-almera.jpg","https://commons.wikimedia.org/wiki/File:2003_Nissan_Almera_E_1.5_Front.jpg","CC BY-SA 4.0","Vauxford","","249000","2002","398000","20 Temmuz 2026","2026-10-09","https://www.arabam.com/ikinci-el/otomobil/nissan-almera-1-5","Geçmiş dizin örneği; güncel fiyat doğrulanmadı"
"nissan-almera","Nissan","Almera","/araclar/nissan-almera.jpg","https://commons.wikimedia.org/wiki/File:2003_Nissan_Almera_E_1.5_Front.jpg","CC BY-SA 4.0","Vauxford","","335000","2004","285653","19 Temmuz 2026","2026-10-09","https://www.arabam.com/ikinci-el/otomobil/nissan-almera","Geçmiş dizin örneği; güncel fiyat doğrulanmadı"
"nissan-qashqai","Nissan","Qashqai","/araclar/nissan-qashqai.jpg","https://commons.wikimedia.org/wiki/File:2021_Nissan_Qashqai_Premiere_Edition_DIG-T_-_1332cc_1.3_(140PS)_Petrol_-_Arctic_White_-_04-2024,_Front.jpg","CC BY 4.0","Harvey Bold","","","","","","2026-10-09","","Güncel fiyat doğrulanmadı"
"mazda-323","Mazda","323","/araclar/mazda-323.jpg","https://commons.wikimedia.org/wiki/File:1994_Mazda_323_Astina_in_Blaze_Red,_front_left.jpg","CC BY-SA 4.0","Ethan Llamas","","165000","1993","250000","20 Temmuz 2026","2026-10-09","https://www.arabam.com/ikinci-el/otomobil/mazda-323","Geçmiş dizin örneği; güncel fiyat doğrulanmadı"
"mazda-323","Mazda","323","/araclar/mazda-323.jpg","https://commons.wikimedia.org/wiki/File:1994_Mazda_323_Astina_in_Blaze_Red,_front_left.jpg","CC BY-SA 4.0","Ethan Llamas","","170000","1991","477777","20 Temmuz 2026","2026-10-09","https://www.arabam.com/ikinci-el/otomobil/mazda-323-1-6-1-6","Geçmiş dizin örneği; güncel fiyat doğrulanmadı"
"mazda-323","Mazda","323","/araclar/mazda-323.jpg","https://commons.wikimedia.org/wiki/File:1994_Mazda_323_Astina_in_Blaze_Red,_front_left.jpg","CC BY-SA 4.0","Ethan Llamas","","259000","1999","265000","20 Temmuz 2026","2026-10-09","https://www.arabam.com/ikinci-el/otomobil/mazda-323-galeriden","Geçmiş dizin örneği; güncel fiyat doğrulanmadı"
"mazda-626","Mazda","626","/araclar/mazda-626.jpg","https://commons.wikimedia.org/wiki/File:Mazda_626_GF_2.0.JPG","CC BY 3.0","Thomas doerfer","","270000","1993","352000","20 Temmuz 2026","2026-10-09","https://www.arabam.com/ikinci-el/otomobil/mazda-626","Geçmiş dizin örneği; güncel fiyat doğrulanmadı"
"mazda-626","Mazda","626","/araclar/mazda-626.jpg","https://commons.wikimedia.org/wiki/File:Mazda_626_GF_2.0.JPG","CC BY 3.0","Thomas doerfer","","90000","1988","480000","20 Temmuz 2026","2026-10-09","https://www.arabam.com/ikinci-el/otomobil/mazda-626-1-6","Geçmiş dizin örneği; güncel fiyat doğrulanmadı"
"mazda-626","Mazda","626","/araclar/mazda-626.jpg","https://commons.wikimedia.org/wiki/File:Mazda_626_GF_2.0.JPG","CC BY 3.0","Thomas doerfer","","265000","1998","319000","20 Temmuz 2026","2026-10-09","https://www.arabam.com/ikinci-el/otomobil/mazda-626","Geçmiş dizin örneği; güncel fiyat doğrulanmadı"
"mazda-mx-5","Mazda","MX-5","/araclar/mazda-mx-5.jpg","https://commons.wikimedia.org/wiki/File:Mazda_MX-5_100th_Anniversary_Special_Edition_(5BA-ND5RC)_(1).jpg","CC BY-SA 4.0","Tokumeigakarinoaoshima","","","","","","2026-10-09","","Güncel fiyat doğrulanmadı"
"mazda-mazda3","Mazda","Mazda3","/araclar/mazda-mazda3.jpg","https://commons.wikimedia.org/wiki/File:Mazda_3_Sport_Facelift_Heck.JPG","CC BY-SA 3.0","Thomas doerfer","","420000","2006","309626","20 Temmuz 2026","2026-10-09","https://www.arabam.com/ikinci-el/otomobil/mazda-3","Geçmiş dizin örneği; güncel fiyat doğrulanmadı"
"mazda-mazda3","Mazda","Mazda3","/araclar/mazda-mazda3.jpg","https://commons.wikimedia.org/wiki/File:Mazda_3_Sport_Facelift_Heck.JPG","CC BY-SA 3.0","Thomas doerfer","","772500","2011","240000","20 Temmuz 2026","2026-10-09","https://www.arabam.com/ikinci-el/otomobil/mazda-3","Geçmiş dizin örneği; güncel fiyat doğrulanmadı"
"mazda-mazda3","Mazda","Mazda3","/araclar/mazda-mazda3.jpg","https://commons.wikimedia.org/wiki/File:Mazda_3_Sport_Facelift_Heck.JPG","CC BY-SA 3.0","Thomas doerfer","","1090000","2016","196000","20 Temmuz 2026","2026-10-09","https://www.arabam.com/ikinci-el/otomobil/mazda-3","Geçmiş dizin örneği; güncel fiyat doğrulanmadı"
"mazda-mazda6","Mazda","Mazda6","/araclar/mazda-mazda6.jpg","https://commons.wikimedia.org/wiki/File:Mazda_6_front_20080312.jpg","CC BY-SA 3.0","Rudolf Stricker","","870000","2011","250000","18 Temmuz 2026","2026-10-09","https://www.arabam.com/ikinci-el/otomobil/mazda-6","Geçmiş dizin örneği; güncel fiyat doğrulanmadı"
"mazda-mazda6","Mazda","Mazda6","/araclar/mazda-mazda6.jpg","https://commons.wikimedia.org/wiki/File:Mazda_6_front_20080312.jpg","CC BY-SA 3.0","Rudolf Stricker","","775000","2010","325000","17 Temmuz 2026","2026-10-09","https://www.arabam.com/ikinci-el/otomobil/mazda-6","Geçmiş dizin örneği; güncel fiyat doğrulanmadı"
"mazda-mazda6","Mazda","Mazda6","/araclar/mazda-mazda6.jpg","https://commons.wikimedia.org/wiki/File:Mazda_6_front_20080312.jpg","CC BY-SA 3.0","Rudolf Stricker","","895000","2011","295000","16 Temmuz 2026","2026-10-09","https://www.arabam.com/ikinci-el/otomobil/mazda-6","Geçmiş dizin örneği; güncel fiyat doğrulanmadı"
"suzuki-swift","Suzuki","Swift","/araclar/suzuki-swift.jpg","https://commons.wikimedia.org/wiki/File:Suzuki_Swift_front-1.jpg","CC BY-SA 3.0","Luftfahrrad","","1635000","2025","6001","21 Temmuz 2026","2026-10-09","https://www.arabam.com/ikinci-el/otomobil/suzuki-swift","Geçmiş dizin örneği; güncel fiyat doğrulanmadı"
"suzuki-swift","Suzuki","Swift","/araclar/suzuki-swift.jpg","https://commons.wikimedia.org/wiki/File:Suzuki_Swift_front-1.jpg","CC BY-SA 3.0","Luftfahrrad","","355000","2008","333000","20 Temmuz 2026","2026-10-09","https://www.arabam.com/ikinci-el/otomobil/suzuki-swift-1-3-mt","Geçmiş dizin örneği; güncel fiyat doğrulanmadı"
"suzuki-swift","Suzuki","Swift","/araclar/suzuki-swift.jpg","https://commons.wikimedia.org/wiki/File:Suzuki_Swift_front-1.jpg","CC BY-SA 3.0","Luftfahrrad","","735000","2016","117390","20 Temmuz 2026","2026-10-09","https://www.arabam.com/ikinci-el/otomobil/suzuki-swift","Geçmiş dizin örneği; güncel fiyat doğrulanmadı"
"suzuki-vitara","Suzuki","Vitara","/araclar/suzuki-vitara.jpg","https://commons.wikimedia.org/wiki/File:2015_Suzuki_Vitara_SZ5_Rugged_Allgrip_1.6.jpg","CC BY-SA 4.0","Vauxford","","540000","2001","340000","02 Temmuz 2026","2026-10-09","https://www.arabam.com/ikinci-el/arazi-suv-pick-up/suzuki-vitara-duz-sahibinden","Geçmiş dizin örneği; güncel fiyat doğrulanmadı"
"suzuki-grand-vitara","Suzuki","Grand Vitara","/araclar/suzuki-grand-vitara.png","https://commons.wikimedia.org/wiki/File:Suzuki_Grand_Vitara_%E2%80%93_Front.png","CC BY 4.0","Raszbeary","","700000","2005","230000","20 Temmuz 2026","2026-10-09","https://www.arabam.com/ikinci-el/arazi-suv-pick-up/suzuki-grand-vitara-sahibinden","Geçmiş dizin örneği; güncel fiyat doğrulanmadı"
"suzuki-grand-vitara","Suzuki","Grand Vitara","/araclar/suzuki-grand-vitara.png","https://commons.wikimedia.org/wiki/File:Suzuki_Grand_Vitara_%E2%80%93_Front.png","CC BY 4.0","Raszbeary","","940000","2009","148500","19 Temmuz 2026","2026-10-09","https://www.arabam.com/ikinci-el/arazi-suv-pick-up/suzuki-grand-vitara-sahibinden","Geçmiş dizin örneği; güncel fiyat doğrulanmadı"
"suzuki-grand-vitara","Suzuki","Grand Vitara","/araclar/suzuki-grand-vitara.png","https://commons.wikimedia.org/wiki/File:Suzuki_Grand_Vitara_%E2%80%93_Front.png","CC BY 4.0","Raszbeary","","477700","2006","258000","20 Temmuz 2026","2026-10-09","https://www.arabam.com/ikinci-el/arazi-suv-pick-up/suzuki-grand-vitara","Geçmiş dizin örneği; güncel fiyat doğrulanmadı"
"suzuki-jimny","Suzuki","Jimny","/araclar/suzuki-jimny.jpg","https://commons.wikimedia.org/wiki/File:2021_Suzuki_Jimny_AllGrip_1.5_Auto_bodykit_blue_front_view_in_Brunei.jpg","CC BY-SA 4.0","AIMHO'S REBELLION 8490s","","680000","2004","159000","20 Temmuz 2026","2026-10-09","https://www.arabam.com/ikinci-el/arazi-suv-pick-up/suzuki-jimny","Geçmiş dizin örneği; güncel fiyat doğrulanmadı"
"suzuki-jimny","Suzuki","Jimny","/araclar/suzuki-jimny.jpg","https://commons.wikimedia.org/wiki/File:2021_Suzuki_Jimny_AllGrip_1.5_Auto_bodykit_blue_front_view_in_Brunei.jpg","CC BY-SA 4.0","AIMHO'S REBELLION 8490s","","2085000","2023","31000","20 Temmuz 2026","2026-10-09","https://www.arabam.com/ikinci-el/arazi-suv-pick-up/suzuki-jimny-otomatik","Geçmiş dizin örneği; güncel fiyat doğrulanmadı"
"suzuki-jimny","Suzuki","Jimny","/araclar/suzuki-jimny.jpg","https://commons.wikimedia.org/wiki/File:2021_Suzuki_Jimny_AllGrip_1.5_Auto_bodykit_blue_front_view_in_Brunei.jpg","CC BY-SA 4.0","AIMHO'S REBELLION 8490s","","699000","2004","204000","18 Temmuz 2026","2026-10-09","https://www.arabam.com/ikinci-el/arazi-suv-pick-up/suzuki-jimny-otomatik","Geçmiş dizin örneği; güncel fiyat doğrulanmadı"
"suzuki-sx4","Suzuki","SX4","/araclar/suzuki-sx4.jpg","https://commons.wikimedia.org/wiki/File:Suzuki_SX4.jpg","CC BY-SA 3.0","Thomas doerfer","","920000","2013","181700","18 Temmuz 2026","2026-10-09","https://www.arabam.com/ikinci-el/otomobil/suzuki-sx4-gl","Geçmiş dizin örneği; güncel fiyat doğrulanmadı"
"suzuki-sx4","Suzuki","SX4","/araclar/suzuki-sx4.jpg","https://commons.wikimedia.org/wiki/File:Suzuki_SX4.jpg","CC BY-SA 3.0","Thomas doerfer","","850000","2012","93600","15 Temmuz 2026","2026-10-09","https://www.arabam.com/ikinci-el/otomobil/suzuki-sx4-sahibinden?membertype=Sahibinden","Geçmiş dizin örneği; güncel fiyat doğrulanmadı"
"suzuki-sx4","Suzuki","SX4","/araclar/suzuki-sx4.jpg","https://commons.wikimedia.org/wiki/File:Suzuki_SX4.jpg","CC BY-SA 3.0","Thomas doerfer","","270000","2009","300000","12 Temmuz 2026","2026-10-09","https://www.arabam.com/ikinci-el/otomobil/suzuki-sx4-sahibinden?membertype=Sahibinden","Geçmiş dizin örneği; güncel fiyat doğrulanmadı"
"subaru-impreza","Subaru","Impreza","/araclar/subaru-impreza.jpg","https://commons.wikimedia.org/wiki/File:Subaru_Impreza_RB5_-_Front.jpg","CC BY-SA 4.0","Daniel Milner","","620000","2007","218000","20 Temmuz 2026","2026-10-09","https://www.arabam.com/ikinci-el/otomobil/subaru-impreza-1-5","Geçmiş dizin örneği; güncel fiyat doğrulanmadı"
"subaru-impreza","Subaru","Impreza","/araclar/subaru-impreza.jpg","https://commons.wikimedia.org/wiki/File:Subaru_Impreza_RB5_-_Front.jpg","CC BY-SA 4.0","Daniel Milner","","590000","2009","288000","20 Temmuz 2026","2026-10-09","https://www.arabam.com/ikinci-el/otomobil/subaru-impreza","Geçmiş dizin örneği; güncel fiyat doğrulanmadı"
"subaru-impreza","Subaru","Impreza","/araclar/subaru-impreza.jpg","https://commons.wikimedia.org/wiki/File:Subaru_Impreza_RB5_-_Front.jpg","CC BY-SA 4.0","Daniel Milner","","765000","2011","83500","20 Temmuz 2026","2026-10-09","https://www.arabam.com/ikinci-el/otomobil/subaru-impreza","Geçmiş dizin örneği; güncel fiyat doğrulanmadı"
"subaru-legacy","Subaru","Legacy","/araclar/subaru-legacy.jpg","https://commons.wikimedia.org/wiki/File:2009_Subaru_Legacy_R_Spec-B_-_3000cc_3.0_(244PS)_Petrol_-_Obsidian_Black_-_03-2024,_Front.jpg","CC BY 4.0","Harvey Bold","","685000","2010","290000","17 Temmuz 2026","2026-10-09","https://www.arabam.com/ikinci-el/otomobil/subaru-legacy","Geçmiş dizin örneği; güncel fiyat doğrulanmadı"
"subaru-legacy","Subaru","Legacy","/araclar/subaru-legacy.jpg","https://commons.wikimedia.org/wiki/File:2009_Subaru_Legacy_R_Spec-B_-_3000cc_3.0_(244PS)_Petrol_-_Obsidian_Black_-_03-2024,_Front.jpg","CC BY 4.0","Harvey Bold","","450000","2001","398000","15 Temmuz 2026","2026-10-09","https://www.arabam.com/ikinci-el/otomobil/subaru-legacy","Geçmiş dizin örneği; güncel fiyat doğrulanmadı"
"subaru-legacy","Subaru","Legacy","/araclar/subaru-legacy.jpg","https://commons.wikimedia.org/wiki/File:2009_Subaru_Legacy_R_Spec-B_-_3000cc_3.0_(244PS)_Petrol_-_Obsidian_Black_-_03-2024,_Front.jpg","CC BY 4.0","Harvey Bold","","585000","2007","335000","15 Temmuz 2026","2026-10-09","https://www.arabam.com/ikinci-el/otomobil/subaru-legacy","Geçmiş dizin örneği; güncel fiyat doğrulanmadı"
"subaru-forester","Subaru","Forester","/araclar/subaru-forester.jpg","https://commons.wikimedia.org/wiki/File:Moscow_car_show_2026-07-31_Subaru_Forester_01.jpg","CC0","Retired electrician","","795000","2005","250500","15 Temmuz 2026","2026-10-09","https://www.arabam.com/ikinci-el/arazi-suv-pick-up/subaru-forester-sahibinden","Geçmiş dizin örneği; güncel fiyat doğrulanmadı"
"subaru-forester","Subaru","Forester","/araclar/subaru-forester.jpg","https://commons.wikimedia.org/wiki/File:Moscow_car_show_2026-07-31_Subaru_Forester_01.jpg","CC0","Retired electrician","","725000","2007","315000","15 Temmuz 2026","2026-10-09","https://www.arabam.com/ikinci-el/arazi-suv-pick-up/subaru-forester-sahibinden","Geçmiş dizin örneği; güncel fiyat doğrulanmadı"
"subaru-forester","Subaru","Forester","/araclar/subaru-forester.jpg","https://commons.wikimedia.org/wiki/File:Moscow_car_show_2026-07-31_Subaru_Forester_01.jpg","CC0","Retired electrician","","1960000","2018","164700","09 Temmuz 2026","2026-10-09","https://www.arabam.com/ikinci-el/arazi-suv-pick-up/subaru-forester-sahibinden","Geçmiş dizin örneği; güncel fiyat doğrulanmadı"
"subaru-outback","Subaru","Outback","/araclar/subaru-outback.jpg","https://commons.wikimedia.org/wiki/File:2nd_Subaru_Outback_--_03-16-2012.JPG","Public domain","IFCAR","","","","","","2026-10-09","","Güncel fiyat doğrulanmadı"
"subaru-xv","Subaru","XV","/araclar/subaru-xv.jpg","https://commons.wikimedia.org/wiki/File:Subaru_XV_2.0i-S_EyeSight_2022.jpg","CC BY-SA 4.0","Ethan Llamas","","1455000","2021","28000","14 Temmuz 2026","2026-10-09","https://www.arabam.com/ikinci-el/arazi-suv-pick-up/subaru-xv-otomatik","Geçmiş dizin örneği; güncel fiyat doğrulanmadı"
"subaru-xv","Subaru","XV","/araclar/subaru-xv.jpg","https://commons.wikimedia.org/wiki/File:Subaru_XV_2.0i-S_EyeSight_2022.jpg","CC BY-SA 4.0","Ethan Llamas","","1525000","2017","120700","18 Temmuz 2026","2026-10-09","https://www.arabam.com/ikinci-el/arazi-suv-pick-up/subaru-xv-otomatik","Geçmiş dizin örneği; güncel fiyat doğrulanmadı"
"subaru-xv","Subaru","XV","/araclar/subaru-xv.jpg","https://commons.wikimedia.org/wiki/File:Subaru_XV_2.0i-S_EyeSight_2022.jpg","CC BY-SA 4.0","Ethan Llamas","","1675000","2018","83000","17 Temmuz 2026","2026-10-09","https://www.arabam.com/ikinci-el/arazi-suv-pick-up/subaru-xv-otomatik","Geçmiş dizin örneği; güncel fiyat doğrulanmadı"
"mitsubishi-lancer","Mitsubishi","Lancer","/araclar/mitsubishi-lancer.jpg","https://commons.wikimedia.org/wiki/File:Mitsubishi_Lancer_EX_facelift_Xiamen_02_2019-10-30.jpg","CC BY-SA 4.0","JamesYoung8167","","691500","2011","169000","21 Temmuz 2026","2026-10-09","https://www.arabam.com/ikinci-el/otomobil/mitsubishi-lancer","Geçmiş dizin örneği; güncel fiyat doğrulanmadı"
"mitsubishi-lancer","Mitsubishi","Lancer","/araclar/mitsubishi-lancer.jpg","https://commons.wikimedia.org/wiki/File:Mitsubishi_Lancer_EX_facelift_Xiamen_02_2019-10-30.jpg","CC BY-SA 4.0","JamesYoung8167","","800000","2012","150000","21 Temmuz 2026","2026-10-09","https://www.arabam.com/ikinci-el/otomobil/mitsubishi-lancer","Geçmiş dizin örneği; güncel fiyat doğrulanmadı"
"mitsubishi-lancer","Mitsubishi","Lancer","/araclar/mitsubishi-lancer.jpg","https://commons.wikimedia.org/wiki/File:Mitsubishi_Lancer_EX_facelift_Xiamen_02_2019-10-30.jpg","CC BY-SA 4.0","JamesYoung8167","","959900","2013","93176","21 Temmuz 2026","2026-10-09","https://www.arabam.com/ikinci-el/otomobil/mitsubishi-lancer","Geçmiş dizin örneği; güncel fiyat doğrulanmadı"
"mitsubishi-colt","Mitsubishi","Colt","/araclar/mitsubishi-colt.jpg","https://commons.wikimedia.org/wiki/File:Mitsubishi_Colt_Galant_1.7_GS.jpg","CC BY-SA 4.0","Ethan Llamas","","600000","2011","185000","06 Temmuz 2026","2026-10-09","https://www.arabam.com/ikinci-el/otomobil/mitsubishi-colt","Geçmiş dizin örneği; güncel fiyat doğrulanmadı"
"mitsubishi-colt","Mitsubishi","Colt","/araclar/mitsubishi-colt.jpg","https://commons.wikimedia.org/wiki/File:Mitsubishi_Colt_Galant_1.7_GS.jpg","CC BY-SA 4.0","Ethan Llamas","","510000","2005","167000","20 Temmuz 2026","2026-10-09","https://www.arabam.com/ikinci-el/otomobil/mitsubishi-colt","Geçmiş dizin örneği; güncel fiyat doğrulanmadı"
"mitsubishi-colt","Mitsubishi","Colt","/araclar/mitsubishi-colt.jpg","https://commons.wikimedia.org/wiki/File:Mitsubishi_Colt_Galant_1.7_GS.jpg","CC BY-SA 4.0","Ethan Llamas","","445000","2008","260000","20 Temmuz 2026","2026-10-09","https://www.arabam.com/ikinci-el/otomobil/mitsubishi-colt","Geçmiş dizin örneği; güncel fiyat doğrulanmadı"
"mitsubishi-galant","Mitsubishi","Galant","/araclar/mitsubishi-galant.jpg","https://commons.wikimedia.org/wiki/File:Mitsubishi_Galant_ADAC_Deutschland_Klassik_2018_6290479.jpg","CC BY-SA 4.0","Ermell","","310000","1990","224000","13 Temmuz 2026","2026-10-09","https://www.arabam.com/ikinci-el/otomobil/mitsubishi-galant","Geçmiş dizin örneği; güncel fiyat doğrulanmadı"
"mitsubishi-galant","Mitsubishi","Galant","/araclar/mitsubishi-galant.jpg","https://commons.wikimedia.org/wiki/File:Mitsubishi_Galant_ADAC_Deutschland_Klassik_2018_6290479.jpg","CC BY-SA 4.0","Ermell","","130000","1990","150000","09 Temmuz 2026","2026-10-09","https://www.arabam.com/ikinci-el/otomobil/mitsubishi-galant","Geçmiş dizin örneği; güncel fiyat doğrulanmadı"
"mitsubishi-galant","Mitsubishi","Galant","/araclar/mitsubishi-galant.jpg","https://commons.wikimedia.org/wiki/File:Mitsubishi_Galant_ADAC_Deutschland_Klassik_2018_6290479.jpg","CC BY-SA 4.0","Ermell","","125000","1987","500000","26 Mart 2026","2026-10-09","https://www.arabam.com/ikinci-el/otomobil/mitsubishi-galant","Geçmiş dizin örneği; güncel fiyat doğrulanmadı"
"mitsubishi-pajero","Mitsubishi","Pajero","/araclar/mitsubishi-pajero.jpg","https://commons.wikimedia.org/wiki/File:Mitsubishi_Pajero_Mini_Duke_right_front_quarter_view.jpg","CC0","ITakePhotosOfCars","","550000","1990","306888","21 Temmuz 2026","2026-10-09","https://www.arabam.com/ikinci-el/arazi-suv-pick-up/mitsubishi-pajero","Geçmiş dizin örneği; güncel fiyat doğrulanmadı"
"mitsubishi-pajero","Mitsubishi","Pajero","/araclar/mitsubishi-pajero.jpg","https://commons.wikimedia.org/wiki/File:Mitsubishi_Pajero_Mini_Duke_right_front_quarter_view.jpg","CC0","ITakePhotosOfCars","","390000","1990","100000","20 Temmuz 2026","2026-10-09","https://www.arabam.com/ikinci-el/arazi-suv-pick-up/mitsubishi-pajero-2-6","Geçmiş dizin örneği; güncel fiyat doğrulanmadı"
"mitsubishi-pajero","Mitsubishi","Pajero","/araclar/mitsubishi-pajero.jpg","https://commons.wikimedia.org/wiki/File:Mitsubishi_Pajero_Mini_Duke_right_front_quarter_view.jpg","CC0","ITakePhotosOfCars","","790000","1988","99999","20 Temmuz 2026","2026-10-09","https://www.arabam.com/ikinci-el/arazi-suv-pick-up/mitsubishi-pajero","Geçmiş dizin örneği; güncel fiyat doğrulanmadı"
"mitsubishi-carisma","Mitsubishi","Carisma","/araclar/mitsubishi-carisma.jpg","https://commons.wikimedia.org/wiki/File:Mitsubishi_Carisma_front_20071026.jpg","CC BY-SA 3.0","Rudolf Stricker","","319950","2004","127000","14 Temmuz 2026","2026-10-09","https://www.arabam.com/ikinci-el/otomobil/mitsubishi-carisma","Geçmiş dizin örneği; güncel fiyat doğrulanmadı"
"mitsubishi-carisma","Mitsubishi","Carisma","/araclar/mitsubishi-carisma.jpg","https://commons.wikimedia.org/wiki/File:Mitsubishi_Carisma_front_20071026.jpg","CC BY-SA 3.0","Rudolf Stricker","","220000","1999","323800","20 Temmuz 2026","2026-10-09","https://www.arabam.com/ikinci-el/otomobil/mitsubishi-carisma","Geçmiş dizin örneği; güncel fiyat doğrulanmadı"
"mitsubishi-carisma","Mitsubishi","Carisma","/araclar/mitsubishi-carisma.jpg","https://commons.wikimedia.org/wiki/File:Mitsubishi_Carisma_front_20071026.jpg","CC BY-SA 3.0","Rudolf Stricker","","235000","1999","433000","19 Temmuz 2026","2026-10-09","https://www.arabam.com/ikinci-el/otomobil/mitsubishi-carisma","Geçmiş dizin örneği; güncel fiyat doğrulanmadı"
"lexus-is","Lexus","IS","/araclar/lexus-is.jpg","https://commons.wikimedia.org/wiki/File:Lexus_IS250.JPG","Public domain","Kentaro Matsui","","","","","","2026-10-09","","Güncel fiyat doğrulanmadı"
"lexus-gs","Lexus","GS","/araclar/lexus-gs.jpg","https://commons.wikimedia.org/wiki/File:LEXUS_GS_250_(L10)_China.jpg","CC BY-SA 4.0","Dinkun Chen","","","","","","2026-10-09","","Güncel fiyat doğrulanmadı"
"lexus-ls","Lexus","LS","/araclar/lexus-ls.jpg","https://commons.wikimedia.org/wiki/File:Lexus_LS460_2007.jpg","CC BY-SA 4.0","Mohammed Hamad","","4000000","1996","86000","19 Temmuz 2026","2026-10-09","https://www.arabam.com/ikinci-el/otomobil/lexus-ls","Geçmiş dizin örneği; güncel fiyat doğrulanmadı"
"lexus-ls","Lexus","LS","/araclar/lexus-ls.jpg","https://commons.wikimedia.org/wiki/File:Lexus_LS460_2007.jpg","CC BY-SA 4.0","Mohammed Hamad","","5700000","2015","104177","19 Temmuz 2026","2026-10-09","https://www.arabam.com/ikinci-el/otomobil/lexus-ls","Geçmiş dizin örneği; güncel fiyat doğrulanmadı"
"lexus-rx","Lexus","RX","/araclar/lexus-rx.jpg","https://commons.wikimedia.org/wiki/File:2018_Lexus_RX_350_F_Sport_in_Sonic_Titanium,_front_left.jpg","CC BY-SA 4.0","Ethan Llamas","","5900000","2023","36794","20 Temmuz 2026","2026-10-09","https://www.arabam.com/ikinci-el/arazi-suv-pick-up/lexus-rx","Geçmiş dizin örneği; güncel fiyat doğrulanmadı"
"lexus-rx","Lexus","RX","/araclar/lexus-rx.jpg","https://commons.wikimedia.org/wiki/File:2018_Lexus_RX_350_F_Sport_in_Sonic_Titanium,_front_left.jpg","CC BY-SA 4.0","Ethan Llamas","","7290000","2023","44849","20 Temmuz 2026","2026-10-09","https://www.arabam.com/ikinci-el/arazi-suv-pick-up/lexus-rx","Geçmiş dizin örneği; güncel fiyat doğrulanmadı"
"lexus-rx","Lexus","RX","/araclar/lexus-rx.jpg","https://commons.wikimedia.org/wiki/File:2018_Lexus_RX_350_F_Sport_in_Sonic_Titanium,_front_left.jpg","CC BY-SA 4.0","Ethan Llamas","","3690000","2022","79000","20 Temmuz 2026","2026-10-09","https://www.arabam.com/ikinci-el/arazi-suv-pick-up/lexus-rx","Geçmiş dizin örneği; güncel fiyat doğrulanmadı"
"lexus-nx","Lexus","NX","/araclar/lexus-nx.jpg","https://commons.wikimedia.org/wiki/File:LEXUS_NX350h_AWD_F-SPORT_China(6).jpg","CC BY-SA 4.0","Dinkun Chen","","","","","","2026-10-09","","Güncel fiyat doğrulanmadı"
"citroen-2cv","Citroën","2CV","/araclar/citroen-2cv.jpg","https://commons.wikimedia.org/wiki/File:Citroen_2CV_rok_v%C3%BDroby_1989.jpg","CC BY-SA 4.0","Topi Pigula","","2550000","1959","10000","28 Mayıs 2026","2026-10-09","https://www.arabam.com/ikinci-el/klasik-araclar/klasik-arabalar/citroen-2cv","Geçmiş dizin örneği; güncel fiyat doğrulanmadı"
"citroen-bx","Citroën","BX","/araclar/citroen-bx.jpg","https://commons.wikimedia.org/wiki/File:Citro%C3%ABnBX4TC.jpg","CC BY-SA 4.0","GerdeeX","","","","","","2026-10-09","","Güncel fiyat doğrulanmadı"
"citroen-zx","Citroën","ZX","/araclar/citroen-zx.jpg","https://commons.wikimedia.org/wiki/File:Citro%C3%ABn_ZX_1.4i.jpg","CC BY 2.0","Rutger van der Maar","","125000","2001","405000","19 Temmuz 2026","2026-10-09","https://www.arabam.com/ikinci-el/otomobil/citroen-zx","Geçmiş dizin örneği; güncel fiyat doğrulanmadı"
"citroen-zx","Citroën","ZX","/araclar/citroen-zx.jpg","https://commons.wikimedia.org/wiki/File:Citro%C3%ABn_ZX_1.4i.jpg","CC BY 2.0","Rutger van der Maar","","190000","1996","167000","18 Temmuz 2026","2026-10-09","https://www.arabam.com/ikinci-el/otomobil/citroen-zx","Geçmiş dizin örneği; güncel fiyat doğrulanmadı"
"citroen-zx","Citroën","ZX","/araclar/citroen-zx.jpg","https://commons.wikimedia.org/wiki/File:Citro%C3%ABn_ZX_1.4i.jpg","CC BY 2.0","Rutger van der Maar","","124000","1994","192000","18 Temmuz 2026","2026-10-09","https://www.arabam.com/ikinci-el/otomobil/citroen-zx","Geçmiş dizin örneği; güncel fiyat doğrulanmadı"
"citroen-c3","Citroën","C3","/araclar/citroen-c3.jpg","https://commons.wikimedia.org/wiki/File:Citroen_C3_Pluriel_front_20071104.jpg","CC BY-SA 3.0","Rudolf Stricker","","1145000","2020","60000","13 Temmuz 2026","2026-10-09","https://www.arabam.com/ikinci-el/otomobil/citroen-c3","Geçmiş dizin örneği; güncel fiyat doğrulanmadı"
"citroen-c3","Citroën","C3","/araclar/citroen-c3.jpg","https://commons.wikimedia.org/wiki/File:Citroen_C3_Pluriel_front_20071104.jpg","CC BY-SA 3.0","Rudolf Stricker","","570000","2011","180000","13 Temmuz 2026","2026-10-09","https://www.arabam.com/ikinci-el/otomobil/citroen-c3","Geçmiş dizin örneği; güncel fiyat doğrulanmadı"
"citroen-c3","Citroën","C3","/araclar/citroen-c3.jpg","https://commons.wikimedia.org/wiki/File:Citroen_C3_Pluriel_front_20071104.jpg","CC BY-SA 3.0","Rudolf Stricker","","1129000","2024","59500","12 Temmuz 2026","2026-10-09","https://www.arabam.com/ikinci-el/otomobil/citroen-c3","Geçmiş dizin örneği; güncel fiyat doğrulanmadı"
"citroen-c4","Citroën","C4","/araclar/citroen-c4.jpg","https://commons.wikimedia.org/wiki/File:Citroen_C4_front_20070523.jpg","CC BY-SA 3.0","Rudolf Stricker","","320000","2008","278000","17 Temmuz 2026","2026-10-09","https://www.arabam.com/ikinci-el/otomobil/citroen-c4","Geçmiş dizin örneği; güncel fiyat doğrulanmadı"
"citroen-c4","Citroën","C4","/araclar/citroen-c4.jpg","https://commons.wikimedia.org/wiki/File:Citroen_C4_front_20070523.jpg","CC BY-SA 3.0","Rudolf Stricker","","380000","2007","253000","15 Temmuz 2026","2026-10-09","https://www.arabam.com/ikinci-el/otomobil/citroen-c4-1-6","Geçmiş dizin örneği; güncel fiyat doğrulanmadı"
"citroen-c4","Citroën","C4","/araclar/citroen-c4.jpg","https://commons.wikimedia.org/wiki/File:Citroen_C4_front_20070523.jpg","CC BY-SA 3.0","Rudolf Stricker","","332000","2006","232000","15 Temmuz 2026","2026-10-09","https://www.arabam.com/ikinci-el/otomobil/citroen-c4","Geçmiş dizin örneği; güncel fiyat doğrulanmadı"
"ds-ds-3","DS","DS 3","/araclar/ds-ds-3.jpg","https://commons.wikimedia.org/wiki/File:Citro%C3%ABn_DS3_Cabrio_front_-_Tokyo_Motor_Show_2013.jpg","CC0","Loadbeta","","687500","2012","233000","21 Temmuz 2026","2026-10-09","https://www.arabam.com/ikinci-el/otomobil/ds-automobiles/ds-automobiles-ds3","Geçmiş dizin örneği; güncel fiyat doğrulanmadı"
"ds-ds-3","DS","DS 3","/araclar/ds-ds-3.jpg","https://commons.wikimedia.org/wiki/File:Citro%C3%ABn_DS3_Cabrio_front_-_Tokyo_Motor_Show_2013.jpg","CC0","Loadbeta","","665000","2012","200000","19 Temmuz 2026","2026-10-09","https://www.arabam.com/ikinci-el/otomobil/ds-automobiles/ds-automobiles-ds3","Geçmiş dizin örneği; güncel fiyat doğrulanmadı"
"ds-ds-3","DS","DS 3","/araclar/ds-ds-3.jpg","https://commons.wikimedia.org/wiki/File:Citro%C3%ABn_DS3_Cabrio_front_-_Tokyo_Motor_Show_2013.jpg","CC0","Loadbeta","","1200000","2013","128000","13 Temmuz 2026","2026-10-09","https://www.arabam.com/ikinci-el/otomobil/ds-automobiles/ds-automobiles-ds3-sahibinden","Geçmiş dizin örneği; güncel fiyat doğrulanmadı"
"ds-ds-4","DS","DS 4","/araclar/ds-ds-4.jpg","https://commons.wikimedia.org/wiki/File:DS4_Cross_(2023).jpg","CC BY-SA 4.0","JoachimKohler-HB","","975000","2013","275000","16 Temmuz 2026","2026-10-09","https://www.arabam.com/ikinci-el/otomobil/ds-automobiles/ds-automobiles-ds4","Geçmiş dizin örneği; güncel fiyat doğrulanmadı"
"ds-ds-4","DS","DS 4","/araclar/ds-ds-4.jpg","https://commons.wikimedia.org/wiki/File:DS4_Cross_(2023).jpg","CC BY-SA 4.0","JoachimKohler-HB","","2040000","2025","27500","20 Temmuz 2026","2026-10-09","https://www.arabam.com/ikinci-el/otomobil/ds-automobiles/ds-automobiles-ds4","Geçmiş dizin örneği; güncel fiyat doğrulanmadı"
"ds-ds-4","DS","DS 4","/araclar/ds-ds-4.jpg","https://commons.wikimedia.org/wiki/File:DS4_Cross_(2023).jpg","CC BY-SA 4.0","JoachimKohler-HB","","659750","2012","314000","20 Temmuz 2026","2026-10-09","https://www.arabam.com/ikinci-el/otomobil/ds-automobiles/ds-automobiles-ds4","Geçmiş dizin örneği; güncel fiyat doğrulanmadı"
"ds-ds-5","DS","DS 5","/araclar/ds-ds-5.jpg","https://commons.wikimedia.org/wiki/File:Citro%C3%ABn_DS5_Chic_(B85F02)_front.JPG","CC0","Tokumeigakarinoaoshima","","875000","2012","208000","20 Temmuz 2026","2026-10-09","https://www.arabam.com/ikinci-el/otomobil/ds-automobiles/ds-automobiles-ds5","Geçmiş dizin örneği; güncel fiyat doğrulanmadı"
"ds-ds-5","DS","DS 5","/araclar/ds-ds-5.jpg","https://commons.wikimedia.org/wiki/File:Citro%C3%ABn_DS5_Chic_(B85F02)_front.JPG","CC0","Tokumeigakarinoaoshima","","699000","2012","292000","20 Temmuz 2026","2026-10-09","https://www.arabam.com/ikinci-el/otomobil/ds-automobiles/ds-automobiles-ds5","Geçmiş dizin örneği; güncel fiyat doğrulanmadı"
"ds-ds-5","DS","DS 5","/araclar/ds-ds-5.jpg","https://commons.wikimedia.org/wiki/File:Citro%C3%ABn_DS5_Chic_(B85F02)_front.JPG","CC0","Tokumeigakarinoaoshima","","785500","2012","209000","20 Temmuz 2026","2026-10-09","https://www.arabam.com/ikinci-el/otomobil/ds-automobiles/ds-automobiles-ds5","Geçmiş dizin örneği; güncel fiyat doğrulanmadı"
"ds-ds-7","DS","DS 7","/araclar/ds-ds-7.jpg","https://commons.wikimedia.org/wiki/File:2018_DS_7_Crossback_Ultra_Prestige_PTC_1.6_Front.jpg","CC BY-SA 4.0","Vauxford","","","","","","2026-10-09","","Güncel fiyat doğrulanmadı"
"alfa-romeo-33","Alfa Romeo","33","/araclar/alfa-romeo-33.jpg","https://commons.wikimedia.org/wiki/File:Alfa_Romeo_33_facelift_1.3_i.e.JPG","CC0","Corvettec6r","","","","","","2026-10-09","","Güncel fiyat doğrulanmadı"
"alfa-romeo-75","Alfa Romeo","75","/araclar/alfa-romeo-75.jpg","https://commons.wikimedia.org/wiki/File:Alfa_Romeo_75_2.0_(14080569818).jpg","CC BY 2.0","Dennis Elzinga","","","","","","2026-10-09","","Güncel fiyat doğrulanmadı"
"alfa-romeo-145","Alfa Romeo","145","/araclar/alfa-romeo-145.jpg","https://commons.wikimedia.org/wiki/File:Abm-Alfa-Romeo-145-2015-ba-crop.jpg","CC BY-SA 4.0","Abrimaal","","160000","1997","328000","07 Haziran 2026","2026-10-09","https://www.arabam.com/ikinci-el/otomobil/alfa-romeo-145-1-6","Geçmiş dizin örneği; güncel fiyat doğrulanmadı"
"alfa-romeo-145","Alfa Romeo","145","/araclar/alfa-romeo-145.jpg","https://commons.wikimedia.org/wiki/File:Abm-Alfa-Romeo-145-2015-ba-crop.jpg","CC BY-SA 4.0","Abrimaal","","235000","2000","264348","07 Nisan 2026","2026-10-09","https://www.arabam.com/ikinci-el/otomobil/alfa-romeo-145-1-6","Geçmiş dizin örneği; güncel fiyat doğrulanmadı"
"alfa-romeo-145","Alfa Romeo","145","/araclar/alfa-romeo-145.jpg","https://commons.wikimedia.org/wiki/File:Abm-Alfa-Romeo-145-2015-ba-crop.jpg","CC BY-SA 4.0","Abrimaal","","225000","2000","158000","17 Mayıs 2026","2026-10-09","https://www.arabam.com/ikinci-el/otomobil/alfa-romeo-145-1-6","Geçmiş dizin örneği; güncel fiyat doğrulanmadı"
"alfa-romeo-156","Alfa Romeo","156","/araclar/alfa-romeo-156.jpg","https://commons.wikimedia.org/wiki/File:2003_Alfa_Romeo_156_GTA_SP24.jpg","CC BY-SA 4.0","MrWalkr","","415000","2004","273728","20 Temmuz 2026","2026-10-09","https://www.arabam.com/ikinci-el/otomobil/alfa-romeo-156","Geçmiş dizin örneği; güncel fiyat doğrulanmadı"
"alfa-romeo-156","Alfa Romeo","156","/araclar/alfa-romeo-156.jpg","https://commons.wikimedia.org/wiki/File:2003_Alfa_Romeo_156_GTA_SP24.jpg","CC BY-SA 4.0","MrWalkr","","280000","2002","380000","20 Temmuz 2026","2026-10-09","https://www.arabam.com/ikinci-el/otomobil/alfa-romeo-156-2-0-ts","Geçmiş dizin örneği; güncel fiyat doğrulanmadı"
"alfa-romeo-156","Alfa Romeo","156","/araclar/alfa-romeo-156.jpg","https://commons.wikimedia.org/wiki/File:2003_Alfa_Romeo_156_GTA_SP24.jpg","CC BY-SA 4.0","MrWalkr","","330000","2003","298000","20 Temmuz 2026","2026-10-09","https://www.arabam.com/ikinci-el/otomobil/alfa-romeo-156","Geçmiş dizin örneği; güncel fiyat doğrulanmadı"
"alfa-romeo-giulietta","Alfa Romeo","Giulietta","/araclar/alfa-romeo-giulietta.jpg","https://commons.wikimedia.org/wiki/File:2011_Alfa_Romeo_Giulietta_Veloce_JTDm-2_2.0_Front.jpg","CC BY-SA 4.0","Vauxford","","865000","2012","185000","23 Mayıs 2026","2026-10-09","https://www.arabam.com/ikinci-el/otomobil/alfa-romeo-giulietta","Geçmiş dizin örneği; güncel fiyat doğrulanmadı"
"alfa-romeo-giulietta","Alfa Romeo","Giulietta","/araclar/alfa-romeo-giulietta.jpg","https://commons.wikimedia.org/wiki/File:2011_Alfa_Romeo_Giulietta_Veloce_JTDm-2_2.0_Front.jpg","CC BY-SA 4.0","Vauxford","","609000","2015","265000","23 Mayıs 2026","2026-10-09","https://www.arabam.com/ikinci-el/otomobil/alfa-romeo-giulietta","Geçmiş dizin örneği; güncel fiyat doğrulanmadı"
"alfa-romeo-giulietta","Alfa Romeo","Giulietta","/araclar/alfa-romeo-giulietta.jpg","https://commons.wikimedia.org/wiki/File:2011_Alfa_Romeo_Giulietta_Veloce_JTDm-2_2.0_Front.jpg","CC BY-SA 4.0","Vauxford","","820000","2013","160000","23 Mayıs 2026","2026-10-09","https://www.arabam.com/ikinci-el/otomobil/alfa-romeo-giulietta","Geçmiş dizin örneği; güncel fiyat doğrulanmadı"
"ferrari-348","Ferrari","348","/araclar/ferrari-348.jpg","https://commons.wikimedia.org/wiki/File:Ferrari_348_TS_(3554908264).jpg","CC BY 2.0","Jason Lawrence","","","","","","2026-10-09","","Güncel fiyat doğrulanmadı"
"ferrari-f355","Ferrari","F355","/araclar/ferrari-f355.jpg","https://commons.wikimedia.org/wiki/File:Ferrari_F355_(8735086047)_(cropped).jpg","CC BY-SA 2.0","Alexandre Prévot from Nancy, France","","","","","","2026-10-09","","Güncel fiyat doğrulanmadı"
"ferrari-360-modena","Ferrari","360 Modena","/araclar/ferrari-360-modena.jpg","https://commons.wikimedia.org/wiki/File:Ferrari_360_Modena_ESP.jpg","CC BY 2.0","jl.cernadas","","","","","","2026-10-09","","Güncel fiyat doğrulanmadı"
"ferrari-f430","Ferrari","F430","/araclar/ferrari-f430.jpg","https://commons.wikimedia.org/wiki/File:Ferrari_F430_2.jpg","Public domain","Cars en travel at Dutch Wikipedia","","","","","","2026-10-09","","Güncel fiyat doğrulanmadı"
"ferrari-458-italia","Ferrari","458 Italia","/araclar/ferrari-458-italia.jpg","https://commons.wikimedia.org/wiki/File:Ferrari_458_Italia_front.JPG","CC0","Tokumeigakarinoaoshima","","24750000","2012","38000","13 Temmuz 2026","2026-10-09","https://www.arabam.com/ikinci-el/otomobil/ferrari-458-italia-galeriden","Geçmiş dizin örneği; güncel fiyat doğrulanmadı"
"maserati-3200-gt","Maserati","3200 GT","/araclar/maserati-3200-gt.jpg","https://commons.wikimedia.org/wiki/File:Maserati_3200_GT_Blu_Nettuno_Front.JPG","CC BY-SA 3.0","Eigene Erstellung - Reichhof","","","","","","2026-10-09","","Güncel fiyat doğrulanmadı"
"maserati-quattroporte","Maserati","Quattroporte","/araclar/maserati-quattroporte.jpg","https://commons.wikimedia.org/wiki/File:2015_Maserati_Quattroporte_DV6_Automatic_3.0_Front.jpg","CC BY-SA 4.0","Vauxford","","4750000","2014","164000","17 Temmuz 2026","2026-10-09","https://www.arabam.com/ikinci-el/otomobil/maserati-quattroporte","Geçmiş dizin örneği; güncel fiyat doğrulanmadı"
"maserati-quattroporte","Maserati","Quattroporte","/araclar/maserati-quattroporte.jpg","https://commons.wikimedia.org/wiki/File:2015_Maserati_Quattroporte_DV6_Automatic_3.0_Front.jpg","CC BY-SA 4.0","Vauxford","","3175000","2014","268000","17 Temmuz 2026","2026-10-09","https://www.arabam.com/ikinci-el/otomobil/maserati-quattroporte","Geçmiş dizin örneği; güncel fiyat doğrulanmadı"
"maserati-quattroporte","Maserati","Quattroporte","/araclar/maserati-quattroporte.jpg","https://commons.wikimedia.org/wiki/File:2015_Maserati_Quattroporte_DV6_Automatic_3.0_Front.jpg","CC BY-SA 4.0","Vauxford","","4385000","2015","155000","16 Temmuz 2026","2026-10-09","https://www.arabam.com/ikinci-el/otomobil/maserati-quattroporte-otomatik","Geçmiş dizin örneği; güncel fiyat doğrulanmadı"
"maserati-ghibli","Maserati","Ghibli","/araclar/maserati-ghibli.jpg","https://commons.wikimedia.org/wiki/File:Maserati_Ghibli_6.jpg","CC BY 3.0","Andrej Danković","","4550000","2018","185000","20 Temmuz 2026","2026-10-09","https://www.arabam.com/ikinci-el/otomobil/maserati-ghibli","Geçmiş dizin örneği; güncel fiyat doğrulanmadı"
"maserati-ghibli","Maserati","Ghibli","/araclar/maserati-ghibli.jpg","https://commons.wikimedia.org/wiki/File:Maserati_Ghibli_6.jpg","CC BY 3.0","Andrej Danković","","5500000","2017","125000","19 Temmuz 2026","2026-10-09","https://www.arabam.com/ikinci-el/otomobil/maserati-ghibli","Geçmiş dizin örneği; güncel fiyat doğrulanmadı"
"maserati-ghibli","Maserati","Ghibli","/araclar/maserati-ghibli.jpg","https://commons.wikimedia.org/wiki/File:Maserati_Ghibli_6.jpg","CC BY 3.0","Andrej Danković","","4899999","2017","125000","18 Temmuz 2026","2026-10-09","https://www.arabam.com/ikinci-el/otomobil/maserati-ghibli-istanbul","Geçmiş dizin örneği; güncel fiyat doğrulanmadı"
"maserati-granturismo","Maserati","GranTurismo","/araclar/maserati-granturismo.jpg","https://commons.wikimedia.org/wiki/File:Maserati_GranTurismo_front_20071104.jpg","CC BY-SA 3.0","Rudolf Stricker","","6700000","2013","75000","19 Temmuz 2026","2026-10-09","https://www.arabam.com/ikinci-el/otomobil/maserati-granturismo","Geçmiş dizin örneği; güncel fiyat doğrulanmadı"
"maserati-granturismo","Maserati","GranTurismo","/araclar/maserati-granturismo.jpg","https://commons.wikimedia.org/wiki/File:Maserati_GranTurismo_front_20071104.jpg","CC BY-SA 3.0","Rudolf Stricker","","5390000","2012","76000","17 Temmuz 2026","2026-10-09","https://www.arabam.com/ikinci-el/otomobil/maserati-granturismo","Geçmiş dizin örneği; güncel fiyat doğrulanmadı"
"maserati-granturismo","Maserati","GranTurismo","/araclar/maserati-granturismo.jpg","https://commons.wikimedia.org/wiki/File:Maserati_GranTurismo_front_20071104.jpg","CC BY-SA 3.0","Rudolf Stricker","","5250000","2008","90000","17 Temmuz 2026","2026-10-09","https://www.arabam.com/ikinci-el/otomobil/maserati-granturismo","Geçmiş dizin örneği; güncel fiyat doğrulanmadı"
"maserati-levante","Maserati","Levante","/araclar/maserati-levante.jpg","https://commons.wikimedia.org/wiki/File:Maserati_Levante,_GIMS_2019,_Le_Grand-Saconnex_(GIMS0545).jpg","CC BY-SA 4.0","Matti Blume","","5750000","2020","136000","20 Temmuz 2026","2026-10-09","https://www.arabam.com/ikinci-el/arazi-suv-pick-up/maserati-levante","Geçmiş dizin örneği; güncel fiyat doğrulanmadı"
"maserati-levante","Maserati","Levante","/araclar/maserati-levante.jpg","https://commons.wikimedia.org/wiki/File:Maserati_Levante,_GIMS_2019,_Le_Grand-Saconnex_(GIMS0545).jpg","CC BY-SA 4.0","Matti Blume","","5795000","2020","127000","20 Temmuz 2026","2026-10-09","https://www.arabam.com/ikinci-el/arazi-suv-pick-up/maserati-levante","Geçmiş dizin örneği; güncel fiyat doğrulanmadı"
"maserati-levante","Maserati","Levante","/araclar/maserati-levante.jpg","https://commons.wikimedia.org/wiki/File:Maserati_Levante,_GIMS_2019,_Le_Grand-Saconnex_(GIMS0545).jpg","CC BY-SA 4.0","Matti Blume","","3795000","2017","225000","18 Temmuz 2026","2026-10-09","https://www.arabam.com/ikinci-el/arazi-suv-pick-up/maserati-levante","Geçmiş dizin örneği; güncel fiyat doğrulanmadı"
"hyundai-accent","Hyundai","Accent","/araclar/hyundai-accent.jpg","https://commons.wikimedia.org/wiki/File:Hyundai_Accent_LC_front_20070928.jpg","CC BY-SA 3.0","Rudolf Stricker","","185000","1998","345000","15 Temmuz 2026","2026-10-09","https://www.arabam.com/ikinci-el/otomobil/hyundai-accent-1-3","Geçmiş dizin örneği; güncel fiyat doğrulanmadı"
"hyundai-accent","Hyundai","Accent","/araclar/hyundai-accent.jpg","https://commons.wikimedia.org/wiki/File:Hyundai_Accent_LC_front_20070928.jpg","CC BY-SA 3.0","Rudolf Stricker","","440000","2006","330000","18 Temmuz 2026","2026-10-09","https://www.arabam.com/ikinci-el/otomobil/hyundai-accent","Geçmiş dizin örneği; güncel fiyat doğrulanmadı"
"hyundai-accent","Hyundai","Accent","/araclar/hyundai-accent.jpg","https://commons.wikimedia.org/wiki/File:Hyundai_Accent_LC_front_20070928.jpg","CC BY-SA 3.0","Rudolf Stricker","","280000","2000","360000","18 Temmuz 2026","2026-10-09","https://www.arabam.com/ikinci-el/otomobil/hyundai-accent","Geçmiş dizin örneği; güncel fiyat doğrulanmadı"
"hyundai-excel","Hyundai","Excel","/araclar/hyundai-excel.jpg","https://commons.wikimedia.org/wiki/File:1989_Hyundai_Excel_GL_Front_Left.jpg","CC BY-SA 4.0","SealyPhoto","","215000","1993","338000","21 Temmuz 2026","2026-10-09","https://www.arabam.com/ikinci-el/otomobil/hyundai-excel","Geçmiş dizin örneği; güncel fiyat doğrulanmadı"
"hyundai-excel","Hyundai","Excel","/araclar/hyundai-excel.jpg","https://commons.wikimedia.org/wiki/File:1989_Hyundai_Excel_GL_Front_Left.jpg","CC BY-SA 4.0","SealyPhoto","","150000","1993","280000","21 Temmuz 2026","2026-10-09","https://www.arabam.com/ikinci-el/otomobil/hyundai-excel","Geçmiş dizin örneği; güncel fiyat doğrulanmadı"
"hyundai-excel","Hyundai","Excel","/araclar/hyundai-excel.jpg","https://commons.wikimedia.org/wiki/File:1989_Hyundai_Excel_GL_Front_Left.jpg","CC BY-SA 4.0","SealyPhoto","","215000","1993","115000","21 Temmuz 2026","2026-10-09","https://www.arabam.com/ikinci-el/otomobil/hyundai-excel","Geçmiş dizin örneği; güncel fiyat doğrulanmadı"
"hyundai-elantra","Hyundai","Elantra","/araclar/hyundai-elantra.jpg","https://commons.wikimedia.org/wiki/File:2019_Hyundai_Elantra_Limited_(AD_facelift)_front_NYIAS_2019.jpg","CC BY-SA 4.0","Kevauto","","1485000","2023","104000","18 Temmuz 2026","2026-10-09","https://www.arabam.com/ikinci-el/otomobil/hyundai-elantra","Geçmiş dizin örneği; güncel fiyat doğrulanmadı"
"hyundai-elantra","Hyundai","Elantra","/araclar/hyundai-elantra.jpg","https://commons.wikimedia.org/wiki/File:2019_Hyundai_Elantra_Limited_(AD_facelift)_front_NYIAS_2019.jpg","CC BY-SA 4.0","Kevauto","","1195000","2017","137000","14 Temmuz 2026","2026-10-09","https://www.arabam.com/ikinci-el/otomobil/hyundai-elantra","Geçmiş dizin örneği; güncel fiyat doğrulanmadı"
"hyundai-getz","Hyundai","Getz","/araclar/hyundai-getz.jpg","https://commons.wikimedia.org/wiki/File:2007_Hyundai_Getz_1.4_SOHC_in_Sky_Blue,_front_right.jpg","CC BY-SA 4.0","Ethan Llamas","","695000","2009","240000","19 Temmuz 2026","2026-10-09","https://www.arabam.com/ikinci-el/otomobil/hyundai-getz","Geçmiş dizin örneği; güncel fiyat doğrulanmadı"
"hyundai-getz","Hyundai","Getz","/araclar/hyundai-getz.jpg","https://commons.wikimedia.org/wiki/File:2007_Hyundai_Getz_1.4_SOHC_in_Sky_Blue,_front_right.jpg","CC BY-SA 4.0","Ethan Llamas","","595000","2010","138000","17 Temmuz 2026","2026-10-09","https://www.arabam.com/ikinci-el/otomobil/hyundai-getz","Geçmiş dizin örneği; güncel fiyat doğrulanmadı"
"hyundai-getz","Hyundai","Getz","/araclar/hyundai-getz.jpg","https://commons.wikimedia.org/wiki/File:2007_Hyundai_Getz_1.4_SOHC_in_Sky_Blue,_front_right.jpg","CC BY-SA 4.0","Ethan Llamas","","365000","2003","205000","16 Temmuz 2026","2026-10-09","https://www.arabam.com/ikinci-el/otomobil/hyundai-getz","Geçmiş dizin örneği; güncel fiyat doğrulanmadı"
"hyundai-i20","Hyundai","i20","/araclar/hyundai-i20.jpg","https://commons.wikimedia.org/wiki/File:Hyundai_i20_1248cc_registered_October_2012_in_Wilberforce_Road.jpg","CC BY-SA 4.0","Charles01","","1250000","2023","66000","20 Temmuz 2026","2026-10-09","https://www.arabam.com/ikinci-el/otomobil/hyundai-i20","Geçmiş dizin örneği; güncel fiyat doğrulanmadı"
"hyundai-i20","Hyundai","i20","/araclar/hyundai-i20.jpg","https://commons.wikimedia.org/wiki/File:Hyundai_i20_1248cc_registered_October_2012_in_Wilberforce_Road.jpg","CC BY-SA 4.0","Charles01","","1150000","2018","84000","20 Temmuz 2026","2026-10-09","https://www.arabam.com/ikinci-el/otomobil/hyundai-i20","Geçmiş dizin örneği; güncel fiyat doğrulanmadı"
"hyundai-i20","Hyundai","i20","/araclar/hyundai-i20.jpg","https://commons.wikimedia.org/wiki/File:Hyundai_i20_1248cc_registered_October_2012_in_Wilberforce_Road.jpg","CC BY-SA 4.0","Charles01","","1269500","2019","75000","19 Temmuz 2026","2026-10-09","https://www.arabam.com/ikinci-el/otomobil/hyundai-i20","Geçmiş dizin örneği; güncel fiyat doğrulanmadı"
"kia-sephia","Kia","Sephia","/araclar/kia-sephia.jpg","https://commons.wikimedia.org/wiki/File:Kia_Sephia_SLX_Dunkelblau.JPG","CC BY-SA 3.0","Thomas doerfer","","163000","1994","292155","19 Temmuz 2026","2026-10-09","https://www.arabam.com/ikinci-el/otomobil/kia-sephia","Geçmiş dizin örneği; güncel fiyat doğrulanmadı"
"kia-sephia","Kia","Sephia","/araclar/kia-sephia.jpg","https://commons.wikimedia.org/wiki/File:Kia_Sephia_SLX_Dunkelblau.JPG","CC BY-SA 3.0","Thomas doerfer","","185000","1997","390000","19 Temmuz 2026","2026-10-09","https://www.arabam.com/ikinci-el/otomobil/kia-sephia","Geçmiş dizin örneği; güncel fiyat doğrulanmadı"
"kia-sephia","Kia","Sephia","/araclar/kia-sephia.jpg","https://commons.wikimedia.org/wiki/File:Kia_Sephia_SLX_Dunkelblau.JPG","CC BY-SA 3.0","Thomas doerfer","","235000","1999","190000","15 Temmuz 2026","2026-10-09","https://www.arabam.com/ikinci-el/otomobil/kia-sephia","Geçmiş dizin örneği; güncel fiyat doğrulanmadı"
"kia-rio","Kia","Rio","/araclar/kia-rio.jpg","https://commons.wikimedia.org/wiki/File:KIA_Rio_(Saratov).jpg","CC BY-SA 4.0","ИринаЯ","","175000","2003","350000","19 Temmuz 2026","2026-10-09","https://www.arabam.com/ikinci-el/otomobil/kia-rio","Geçmiş dizin örneği; güncel fiyat doğrulanmadı"
"kia-rio","Kia","Rio","/araclar/kia-rio.jpg","https://commons.wikimedia.org/wiki/File:KIA_Rio_(Saratov).jpg","CC BY-SA 4.0","ИринаЯ","","395000","2006","297750","13 Temmuz 2026","2026-10-09","https://www.arabam.com/ikinci-el/otomobil/kia-rio","Geçmiş dizin örneği; güncel fiyat doğrulanmadı"
"kia-rio","Kia","Rio","/araclar/kia-rio.jpg","https://commons.wikimedia.org/wiki/File:KIA_Rio_(Saratov).jpg","CC BY-SA 4.0","ИринаЯ","","320000","2003","201000","21 Temmuz 2026","2026-10-09","https://www.arabam.com/ikinci-el/otomobil/kia-rio","Geçmiş dizin örneği; güncel fiyat doğrulanmadı"
"kia-cerato","Kia","Cerato","/araclar/kia-cerato.jpg","https://commons.wikimedia.org/wiki/File:Kia_Cerato_front_20080131.jpg","CC BY-SA 3.0","Rudolf Stricker","","1049000","2016","166000","13 Temmuz 2026","2026-10-09","https://www.arabam.com/ikinci-el/otomobil/kia-cerato","Geçmiş dizin örneği; güncel fiyat doğrulanmadı"
"kia-cerato","Kia","Cerato","/araclar/kia-cerato.jpg","https://commons.wikimedia.org/wiki/File:Kia_Cerato_front_20080131.jpg","CC BY-SA 3.0","Rudolf Stricker","","400000","2006","280000","20 Temmuz 2026","2026-10-09","https://www.arabam.com/ikinci-el/otomobil/kia-cerato","Geçmiş dizin örneği; güncel fiyat doğrulanmadı"
"kia-cerato","Kia","Cerato","/araclar/kia-cerato.jpg","https://commons.wikimedia.org/wiki/File:Kia_Cerato_front_20080131.jpg","CC BY-SA 3.0","Rudolf Stricker","","370000","2007","350000","21 Temmuz 2026","2026-10-09","https://www.arabam.com/ikinci-el/otomobil/kia-cerato","Geçmiş dizin örneği; güncel fiyat doğrulanmadı"
"kia-ceed","Kia","Ceed","/araclar/kia-ceed.jpg","https://commons.wikimedia.org/wiki/File:2023_Kia_Ceed_Hatchback_1.5_T-GDi_GT_Line_S_(Front).jpg","CC0","MoCars","","1325000","2020","127000","11 Temmuz 2026","2026-10-09","https://www.arabam.com/ikinci-el/otomobil/kia-ceed","Geçmiş dizin örneği; güncel fiyat doğrulanmadı"
"kia-ceed","Kia","Ceed","/araclar/kia-ceed.jpg","https://commons.wikimedia.org/wiki/File:2023_Kia_Ceed_Hatchback_1.5_T-GDi_GT_Line_S_(Front).jpg","CC0","MoCars","","730000","2012","127000","09 Temmuz 2026","2026-10-09","https://www.arabam.com/ikinci-el/otomobil/kia-ceed","Geçmiş dizin örneği; güncel fiyat doğrulanmadı"
"kia-ceed","Kia","Ceed","/araclar/kia-ceed.jpg","https://commons.wikimedia.org/wiki/File:2023_Kia_Ceed_Hatchback_1.5_T-GDi_GT_Line_S_(Front).jpg","CC0","MoCars","","1239850","2015","142000","21 Temmuz 2026","2026-10-09","https://www.arabam.com/ikinci-el/otomobil/kia-ceed","Geçmiş dizin örneği; güncel fiyat doğrulanmadı"
"kia-sportage","Kia","Sportage","/araclar/kia-sportage.jpg","https://commons.wikimedia.org/wiki/File:2018_Kia_Sportage_GT-Line_ISG_1.6.jpg","CC BY-SA 4.0","Vauxford","","2495000","2024","59000","11 Temmuz 2026","2026-10-09","https://www.arabam.com/ikinci-el/arazi-suv-pick-up/kia-sportage","Geçmiş dizin örneği; güncel fiyat doğrulanmadı"
"kia-sportage","Kia","Sportage","/araclar/kia-sportage.jpg","https://commons.wikimedia.org/wiki/File:2018_Kia_Sportage_GT-Line_ISG_1.6.jpg","CC BY-SA 4.0","Vauxford","","1275000","2014","57000","09 Temmuz 2026","2026-10-09","https://www.arabam.com/ikinci-el/arazi-suv-pick-up/kia-sportage","Geçmiş dizin örneği; güncel fiyat doğrulanmadı"
"ford-escort","Ford","Escort","/araclar/ford-escort.jpg","https://commons.wikimedia.org/wiki/File:Ford_Escort_1.6i.jpg","CC BY-SA 4.0","Bene Riobó","","155000","1995","156500","16 Temmuz 2026","2026-10-09","https://www.arabam.com/ikinci-el/otomobil/ford-escort-1-8","Geçmiş dizin örneği; güncel fiyat doğrulanmadı"
"ford-escort","Ford","Escort","/araclar/ford-escort.jpg","https://commons.wikimedia.org/wiki/File:Ford_Escort_1.6i.jpg","CC BY-SA 4.0","Bene Riobó","","70000","1995","301000","16 Temmuz 2026","2026-10-09","https://www.arabam.com/ikinci-el/otomobil/ford-escort-1-8","Geçmiş dizin örneği; güncel fiyat doğrulanmadı"
"ford-escort","Ford","Escort","/araclar/ford-escort.jpg","https://commons.wikimedia.org/wiki/File:Ford_Escort_1.6i.jpg","CC BY-SA 4.0","Bene Riobó","","185000","1996","88000","16 Temmuz 2026","2026-10-09","https://www.arabam.com/ikinci-el/otomobil/ford-escort-1-8","Geçmiş dizin örneği; güncel fiyat doğrulanmadı"
"ford-sierra","Ford","Sierra","/araclar/ford-sierra.jpg","https://commons.wikimedia.org/wiki/File:1992_Ford_Sierra_GT_(3886532257).jpg","CC BY 2.0","Spanish Coches","","260000","1990","280000","27 Haziran 2026","2026-10-09","https://www.arabam.com/ikinci-el/otomobil/ford-sierra","Geçmiş dizin örneği; güncel fiyat doğrulanmadı"
"ford-sierra","Ford","Sierra","/araclar/ford-sierra.jpg","https://commons.wikimedia.org/wiki/File:1992_Ford_Sierra_GT_(3886532257).jpg","CC BY 2.0","Spanish Coches","","110000","1990","600000","13 Haziran 2026","2026-10-09","https://www.arabam.com/ikinci-el/otomobil/ford-sierra","Geçmiş dizin örneği; güncel fiyat doğrulanmadı"
"ford-sierra","Ford","Sierra","/araclar/ford-sierra.jpg","https://commons.wikimedia.org/wiki/File:1992_Ford_Sierra_GT_(3886532257).jpg","CC BY 2.0","Spanish Coches","","120000","1992","300000","25 Mayıs 2026","2026-10-09","https://www.arabam.com/ikinci-el/otomobil/ford-sierra-sahibinden","Geçmiş dizin örneği; güncel fiyat doğrulanmadı"
"ford-fiesta","Ford","Fiesta","/araclar/ford-fiesta.jpg","https://commons.wikimedia.org/wiki/File:FordFiesta2014n2.JPG","CC BY-SA 3.0","MARC912374","","465000","2012","297000","17 Temmuz 2026","2026-10-09","https://www.arabam.com/ikinci-el/otomobil/ford-fiesta","Geçmiş dizin örneği; güncel fiyat doğrulanmadı"
"ford-fiesta","Ford","Fiesta","/araclar/ford-fiesta.jpg","https://commons.wikimedia.org/wiki/File:FordFiesta2014n2.JPG","CC BY-SA 3.0","MARC912374","","335555","2006","300000","17 Temmuz 2026","2026-10-09","https://www.arabam.com/ikinci-el/otomobil/ford-fiesta","Geçmiş dizin örneği; güncel fiyat doğrulanmadı"
"ford-fiesta","Ford","Fiesta","/araclar/ford-fiesta.jpg","https://commons.wikimedia.org/wiki/File:FordFiesta2014n2.JPG","CC BY-SA 3.0","MARC912374","","655000","2014","200000","16 Temmuz 2026","2026-10-09","https://www.arabam.com/ikinci-el/otomobil/ford-fiesta-1-5-tdci","Geçmiş dizin örneği; güncel fiyat doğrulanmadı"
"ford-focus","Ford","Focus","/araclar/ford-focus.jpg","https://commons.wikimedia.org/wiki/File:Ford_Focus_IV_hatch_02_China_2019-03-25.jpg","CC BY-SA 4.0","Navigator84","","","","","","2026-10-09","","Güncel fiyat doğrulanmadı"
"ford-mondeo","Ford","Mondeo","/araclar/ford-mondeo.jpg","https://commons.wikimedia.org/wiki/File:2008_Ford_Mondeo_Edge_-_2.0_(145PS)_petrol_manual_-_2025-31-07,_front_right.jpg","CC BY-SA 4.0","DieselFordMondeo","","830000","2013","134000","20 Haziran 2026","2026-10-09","https://www.arabam.com/ikinci-el/otomobil/ford-mondeo","Geçmiş dizin örneği; güncel fiyat doğrulanmadı"
"ford-mondeo","Ford","Mondeo","/araclar/ford-mondeo.jpg","https://commons.wikimedia.org/wiki/File:2008_Ford_Mondeo_Edge_-_2.0_(145PS)_petrol_manual_-_2025-31-07,_front_right.jpg","CC BY-SA 4.0","DieselFordMondeo","","130000","1998","311000","20 Temmuz 2026","2026-10-09","https://www.arabam.com/ikinci-el/otomobil/ford-mondeo","Geçmiş dizin örneği; güncel fiyat doğrulanmadı"
"ford-mondeo","Ford","Mondeo","/araclar/ford-mondeo.jpg","https://commons.wikimedia.org/wiki/File:2008_Ford_Mondeo_Edge_-_2.0_(145PS)_petrol_manual_-_2025-31-07,_front_right.jpg","CC BY-SA 4.0","DieselFordMondeo","","570000","2010","320000","20 Temmuz 2026","2026-10-09","https://www.arabam.com/ikinci-el/otomobil/ford-mondeo","Geçmiş dizin örneği; güncel fiyat doğrulanmadı"
"chevrolet-lacetti","Chevrolet","Lacetti","/araclar/chevrolet-lacetti.jpg","https://commons.wikimedia.org/wiki/File:2020-2024_Chevrolet_Lacetti_sedan_silver_front.jpg","CC BY 4.0","ddgek","","280000","2004","292000","15 Temmuz 2026","2026-10-09","https://www.arabam.com/ikinci-el/otomobil/chevrolet-lacetti","Geçmiş dizin örneği; güncel fiyat doğrulanmadı"
"chevrolet-lacetti","Chevrolet","Lacetti","/araclar/chevrolet-lacetti.jpg","https://commons.wikimedia.org/wiki/File:2020-2024_Chevrolet_Lacetti_sedan_silver_front.jpg","CC BY 4.0","ddgek","","295000","2004","275000","14 Temmuz 2026","2026-10-09","https://www.arabam.com/ikinci-el/otomobil/chevrolet-lacetti","Geçmiş dizin örneği; güncel fiyat doğrulanmadı"
"chevrolet-lacetti","Chevrolet","Lacetti","/araclar/chevrolet-lacetti.jpg","https://commons.wikimedia.org/wiki/File:2020-2024_Chevrolet_Lacetti_sedan_silver_front.jpg","CC BY 4.0","ddgek","","290000","2004","216000","20 Temmuz 2026","2026-10-09","https://www.arabam.com/ikinci-el/otomobil/chevrolet-lacetti","Geçmiş dizin örneği; güncel fiyat doğrulanmadı"
"chevrolet-aveo","Chevrolet","Aveo","/araclar/chevrolet-aveo.jpg","https://commons.wikimedia.org/wiki/File:Chevrolet_Aveo_T300_hatch_Sanming_01_2022-07-19.jpg","CC BY-SA 4.0","JamesYoung8167","","469000","2011","222000","18 Temmuz 2026","2026-10-09","https://www.arabam.com/ikinci-el/otomobil/chevrolet-aveo-sahibinden","Geçmiş dizin örneği; güncel fiyat doğrulanmadı"
"chevrolet-aveo","Chevrolet","Aveo","/araclar/chevrolet-aveo.jpg","https://commons.wikimedia.org/wiki/File:Chevrolet_Aveo_T300_hatch_Sanming_01_2022-07-19.jpg","CC BY-SA 4.0","JamesYoung8167","","339000","2008","149000","17 Temmuz 2026","2026-10-09","https://www.arabam.com/ikinci-el/otomobil/chevrolet-aveo-sahibinden","Geçmiş dizin örneği; güncel fiyat doğrulanmadı"
"chevrolet-aveo","Chevrolet","Aveo","/araclar/chevrolet-aveo.jpg","https://commons.wikimedia.org/wiki/File:Chevrolet_Aveo_T300_hatch_Sanming_01_2022-07-19.jpg","CC BY-SA 4.0","JamesYoung8167","","385000","2008","303000","17 Temmuz 2026","2026-10-09","https://www.arabam.com/ikinci-el/otomobil/chevrolet-aveo-sahibinden","Geçmiş dizin örneği; güncel fiyat doğrulanmadı"
"chevrolet-cruze","Chevrolet","Cruze","/araclar/chevrolet-cruze.jpg","https://commons.wikimedia.org/wiki/File:Chevrolet_Cruze_J300_hatch_Shishi_02_2022-04-26.jpg","CC BY-SA 4.0","JamesYoung8167","","565000","2011","285000","17 Temmuz 2026","2026-10-09","https://www.arabam.com/ikinci-el/otomobil/chevrolet-cruze","Geçmiş dizin örneği; güncel fiyat doğrulanmadı"
"chevrolet-cruze","Chevrolet","Cruze","/araclar/chevrolet-cruze.jpg","https://commons.wikimedia.org/wiki/File:Chevrolet_Cruze_J300_hatch_Shishi_02_2022-04-26.jpg","CC BY-SA 4.0","JamesYoung8167","","595000","2010","214000","15 Temmuz 2026","2026-10-09","https://www.arabam.com/ikinci-el/otomobil/chevrolet-cruze","Geçmiş dizin örneği; güncel fiyat doğrulanmadı"
"chevrolet-cruze","Chevrolet","Cruze","/araclar/chevrolet-cruze.jpg","https://commons.wikimedia.org/wiki/File:Chevrolet_Cruze_J300_hatch_Shishi_02_2022-04-26.jpg","CC BY-SA 4.0","JamesYoung8167","","720000","2010","150000","14 Temmuz 2026","2026-10-09","https://www.arabam.com/ikinci-el/otomobil/chevrolet-cruze","Geçmiş dizin örneği; güncel fiyat doğrulanmadı"
"chevrolet-captiva","Chevrolet","Captiva","/araclar/chevrolet-captiva.jpg","https://commons.wikimedia.org/wiki/File:2025_Chevrolet_Captiva_1.5_Premier_in_white,_front_right.jpg","CC BY-SA 4.0","Ethan Llamas","","799900","2011","225000","18 Temmuz 2026","2026-10-09","https://www.arabam.com/ikinci-el/arazi-suv-pick-up/chevrolet-captiva","Geçmiş dizin örneği; güncel fiyat doğrulanmadı"
"chevrolet-captiva","Chevrolet","Captiva","/araclar/chevrolet-captiva.jpg","https://commons.wikimedia.org/wiki/File:2025_Chevrolet_Captiva_1.5_Premier_in_white,_front_right.jpg","CC BY-SA 4.0","Ethan Llamas","","1150000","2012","180000","17 Temmuz 2026","2026-10-09","https://www.arabam.com/ikinci-el/arazi-suv-pick-up/chevrolet-captiva","Geçmiş dizin örneği; güncel fiyat doğrulanmadı"
"chevrolet-captiva","Chevrolet","Captiva","/araclar/chevrolet-captiva.jpg","https://commons.wikimedia.org/wiki/File:2025_Chevrolet_Captiva_1.5_Premier_in_white,_front_right.jpg","CC BY-SA 4.0","Ethan Llamas","","835000","2012","142000","15 Temmuz 2026","2026-10-09","https://www.arabam.com/ikinci-el/arazi-suv-pick-up/chevrolet-captiva","Geçmiş dizin örneği; güncel fiyat doğrulanmadı"
"chevrolet-camaro","Chevrolet","Camaro","/araclar/chevrolet-camaro.jpg","https://commons.wikimedia.org/wiki/File:2019_Chevrolet_Camaro_base,_front_11.9.19.jpg","CC BY-SA 4.0","Kevauto","","4100000","2017","138000","19 Temmuz 2026","2026-10-09","https://www.arabam.com/ikinci-el/otomobil/chevrolet-camaro","Geçmiş dizin örneği; güncel fiyat doğrulanmadı"
"chevrolet-camaro","Chevrolet","Camaro","/araclar/chevrolet-camaro.jpg","https://commons.wikimedia.org/wiki/File:2019_Chevrolet_Camaro_base,_front_11.9.19.jpg","CC BY-SA 4.0","Kevauto","","6925000","2021","75000","19 Temmuz 2026","2026-10-09","https://www.arabam.com/ikinci-el/otomobil/chevrolet-camaro","Geçmiş dizin örneği; güncel fiyat doğrulanmadı"
"chevrolet-camaro","Chevrolet","Camaro","/araclar/chevrolet-camaro.jpg","https://commons.wikimedia.org/wiki/File:2019_Chevrolet_Camaro_base,_front_11.9.19.jpg","CC BY-SA 4.0","Kevauto","","4625000","2017","128000","19 Temmuz 2026","2026-10-09","https://www.arabam.com/ikinci-el/otomobil/chevrolet-camaro","Geçmiş dizin örneği; güncel fiyat doğrulanmadı"
"jeep-cherokee","Jeep","Cherokee","/araclar/jeep-cherokee.jpg","https://commons.wikimedia.org/wiki/File:Jeep_Cherokee_front_20070928.jpg","CC BY-SA 3.0","Rudolf Stricker","","529850","2005","265000","17 Temmuz 2026","2026-10-09","https://www.arabam.com/ikinci-el/arazi-suv-pick-up/jeep-cherokee-3-7","Geçmiş dizin örneği; güncel fiyat doğrulanmadı"
"jeep-cherokee","Jeep","Cherokee","/araclar/jeep-cherokee.jpg","https://commons.wikimedia.org/wiki/File:Jeep_Cherokee_front_20070928.jpg","CC BY-SA 3.0","Rudolf Stricker","","935000","2005","92000","16 Temmuz 2026","2026-10-09","https://www.arabam.com/ikinci-el/arazi-suv-pick-up/jeep-cherokee-3-7","Geçmiş dizin örneği; güncel fiyat doğrulanmadı"
"jeep-cherokee","Jeep","Cherokee","/araclar/jeep-cherokee.jpg","https://commons.wikimedia.org/wiki/File:Jeep_Cherokee_front_20070928.jpg","CC BY-SA 3.0","Rudolf Stricker","","925000","2004","173000","14 Temmuz 2026","2026-10-09","https://www.arabam.com/ikinci-el/arazi-suv-pick-up/jeep-cherokee-3-7","Geçmiş dizin örneği; güncel fiyat doğrulanmadı"
"jeep-grand-cherokee","Jeep","Grand Cherokee","/araclar/jeep-grand-cherokee.jpg","https://commons.wikimedia.org/wiki/File:Jeep_Grand_Cherokee_2017_Makarska.jpg","CC BY-SA 4.0","Elishur19","","2252000","2013","232000","20 Temmuz 2026","2026-10-09","https://www.arabam.com/ikinci-el/arazi-suv-pick-up/jeep-grand-cherokee","Geçmiş dizin örneği; güncel fiyat doğrulanmadı"
"jeep-grand-cherokee","Jeep","Grand Cherokee","/araclar/jeep-grand-cherokee.jpg","https://commons.wikimedia.org/wiki/File:Jeep_Grand_Cherokee_2017_Makarska.jpg","CC BY-SA 4.0","Elishur19","","449900","1996","341000","20 Temmuz 2026","2026-10-09","https://www.arabam.com/ikinci-el/arazi-suv-pick-up/jeep-grand-cherokee","Geçmiş dizin örneği; güncel fiyat doğrulanmadı"
"jeep-grand-cherokee","Jeep","Grand Cherokee","/araclar/jeep-grand-cherokee.jpg","https://commons.wikimedia.org/wiki/File:Jeep_Grand_Cherokee_2017_Makarska.jpg","CC BY-SA 4.0","Elishur19","","635000","2007","408000","20 Temmuz 2026","2026-10-09","https://www.arabam.com/ikinci-el/arazi-suv-pick-up/jeep-grand-cherokee","Geçmiş dizin örneği; güncel fiyat doğrulanmadı"
"jeep-wrangler","Jeep","Wrangler","/araclar/jeep-wrangler.jpg","https://commons.wikimedia.org/wiki/File:JeepWrangler2013.jpg","CC BY-SA 4.0","Axepas12","","","","","","2026-10-09","","Güncel fiyat doğrulanmadı"
"jeep-compass","Jeep","Compass","/araclar/jeep-compass.jpg","https://commons.wikimedia.org/wiki/File:Jeep_Compass_MK_facelift_Sanming_02_2022-08-13.jpg","CC BY-SA 4.0","JamesYoung8167","","1540000","2020","118000","15 Haziran 2026","2026-10-09","https://www.arabam.com/ikinci-el/arazi-suv-pick-up/jeep-compass-istanbul-lpg-benzin-sahibinden","Geçmiş dizin örneği; güncel fiyat doğrulanmadı"
"jeep-compass","Jeep","Compass","/araclar/jeep-compass.jpg","https://commons.wikimedia.org/wiki/File:Jeep_Compass_MK_facelift_Sanming_02_2022-08-13.jpg","CC BY-SA 4.0","JamesYoung8167","","950000","2011","185000","13 Haziran 2026","2026-10-09","https://www.arabam.com/ikinci-el/arazi-suv-pick-up/jeep-compass-istanbul-lpg-benzin-sahibinden","Geçmiş dizin örneği; güncel fiyat doğrulanmadı"
"jeep-compass","Jeep","Compass","/araclar/jeep-compass.jpg","https://commons.wikimedia.org/wiki/File:Jeep_Compass_MK_facelift_Sanming_02_2022-08-13.jpg","CC BY-SA 4.0","JamesYoung8167","","1570000","2022","160000","13 Haziran 2026","2026-10-09","https://www.arabam.com/ikinci-el/arazi-suv-pick-up/jeep-compass-sahibinden","Geçmiş dizin örneği; güncel fiyat doğrulanmadı"
"jeep-renegade","Jeep","Renegade","/araclar/jeep-renegade.jpg","https://commons.wikimedia.org/wiki/File:2015_Jeep_Renegade_Longitude_-_1368cc_1.4_(140PS)_Manual_-_Commando_Green_-_02-2024,_Front.jpg","CC BY 4.0","Harvey Bold","","1174900","2020","87000","17 Temmuz 2026","2026-10-09","https://www.arabam.com/ikinci-el/arazi-suv-pick-up/jeep-renegade-1-0-t","Geçmiş dizin örneği; güncel fiyat doğrulanmadı"
"jeep-renegade","Jeep","Renegade","/araclar/jeep-renegade.jpg","https://commons.wikimedia.org/wiki/File:2015_Jeep_Renegade_Longitude_-_1368cc_1.4_(140PS)_Manual_-_Commando_Green_-_02-2024,_Front.jpg","CC BY 4.0","Harvey Bold","","1238500","2021","50000","17 Temmuz 2026","2026-10-09","https://www.arabam.com/ikinci-el/arazi-suv-pick-up/jeep-renegade-1-0-t","Geçmiş dizin örneği; güncel fiyat doğrulanmadı"
"jeep-renegade","Jeep","Renegade","/araclar/jeep-renegade.jpg","https://commons.wikimedia.org/wiki/File:2015_Jeep_Renegade_Longitude_-_1368cc_1.4_(140PS)_Manual_-_Commando_Green_-_02-2024,_Front.jpg","CC BY 4.0","Harvey Bold","","1400000","2021","93000","27 Haziran 2026","2026-10-09","https://www.arabam.com/ikinci-el/arazi-suv-pick-up/jeep-renegade-1-0-t","Geçmiş dizin örneği; güncel fiyat doğrulanmadı"
"seat-ibiza","Seat","Ibiza","/araclar/seat-ibiza.jpg","https://commons.wikimedia.org/wiki/File:Seat_Ibiza_FR_business_intense_(2018)_front_view.jpg","CC BY-SA 4.0","GalacticCuriosity","","755000","2016","96000","20 Temmuz 2026","2026-10-09","https://www.arabam.com/ikinci-el/otomobil/seat-ibiza","Geçmiş dizin örneği; güncel fiyat doğrulanmadı"
"seat-ibiza","Seat","Ibiza","/araclar/seat-ibiza.jpg","https://commons.wikimedia.org/wiki/File:Seat_Ibiza_FR_business_intense_(2018)_front_view.jpg","CC BY-SA 4.0","GalacticCuriosity","","560000","2004","174000","20 Temmuz 2026","2026-10-09","https://www.arabam.com/ikinci-el/otomobil/seat-ibiza","Geçmiş dizin örneği; güncel fiyat doğrulanmadı"
"seat-cordoba","Seat","Cordoba","/araclar/seat-cordoba.jpg","https://commons.wikimedia.org/wiki/File:SEAT_C%C3%B3rdoba_in_Thailand_front.jpg","CC BY-SA 4.0","M.rJirapat","","200000","2000","290000","18 Temmuz 2026","2026-10-09","https://www.arabam.com/ikinci-el/otomobil/seat-cordoba-galeriden","Geçmiş dizin örneği; güncel fiyat doğrulanmadı"
"seat-cordoba","Seat","Cordoba","/araclar/seat-cordoba.jpg","https://commons.wikimedia.org/wiki/File:SEAT_C%C3%B3rdoba_in_Thailand_front.jpg","CC BY-SA 4.0","M.rJirapat","","225000","2003","320000","16 Temmuz 2026","2026-10-09","https://www.arabam.com/ikinci-el/otomobil/seat-cordoba-galeriden","Geçmiş dizin örneği; güncel fiyat doğrulanmadı"
"seat-cordoba","Seat","Cordoba","/araclar/seat-cordoba.jpg","https://commons.wikimedia.org/wiki/File:SEAT_C%C3%B3rdoba_in_Thailand_front.jpg","CC BY-SA 4.0","M.rJirapat","","375000","2004","289000","19 Temmuz 2026","2026-10-09","https://www.arabam.com/ikinci-el/otomobil/seat-cordoba-galeriden","Geçmiş dizin örneği; güncel fiyat doğrulanmadı"
"seat-leon","Seat","Leon","/araclar/seat-leon.jpg","https://commons.wikimedia.org/wiki/File:Seat_Leon_1M_FR.JPG","CC BY-SA 3.0","Thomas doerfer","","1020000","2015","249000","18 Temmuz 2026","2026-10-09","https://www.arabam.com/ikinci-el/otomobil/seat-leon","Geçmiş dizin örneği; güncel fiyat doğrulanmadı"
"seat-leon","Seat","Leon","/araclar/seat-leon.jpg","https://commons.wikimedia.org/wiki/File:Seat_Leon_1M_FR.JPG","CC BY-SA 3.0","Thomas doerfer","","1075000","2016","174000","17 Temmuz 2026","2026-10-09","https://www.arabam.com/ikinci-el/otomobil/seat-leon","Geçmiş dizin örneği; güncel fiyat doğrulanmadı"
"seat-leon","Seat","Leon","/araclar/seat-leon.jpg","https://commons.wikimedia.org/wiki/File:Seat_Leon_1M_FR.JPG","CC BY-SA 3.0","Thomas doerfer","","1289000","2020","182000","17 Temmuz 2026","2026-10-09","https://www.arabam.com/ikinci-el/otomobil/seat-leon","Geçmiş dizin örneği; güncel fiyat doğrulanmadı"
"seat-toledo","Seat","Toledo","/araclar/seat-toledo.jpg","https://commons.wikimedia.org/wiki/File:Seat_Toledo_front_20070518.jpg","CC BY-SA 3.0","Rudolf Stricker","","435000","2001","333000","20 Temmuz 2026","2026-10-09","https://www.arabam.com/ikinci-el/otomobil/seat-toledo","Geçmiş dizin örneği; güncel fiyat doğrulanmadı"
"seat-toledo","Seat","Toledo","/araclar/seat-toledo.jpg","https://commons.wikimedia.org/wiki/File:Seat_Toledo_front_20070518.jpg","CC BY-SA 3.0","Rudolf Stricker","","870000","2013","114000","08 Temmuz 2026","2026-10-09","https://www.arabam.com/ikinci-el/otomobil/seat-toledo","Geçmiş dizin örneği; güncel fiyat doğrulanmadı"
"seat-toledo","Seat","Toledo","/araclar/seat-toledo.jpg","https://commons.wikimedia.org/wiki/File:Seat_Toledo_front_20070518.jpg","CC BY-SA 3.0","Rudolf Stricker","","695000","2015","199000","20 Temmuz 2026","2026-10-09","https://www.arabam.com/ikinci-el/otomobil/seat-toledo","Geçmiş dizin örneği; güncel fiyat doğrulanmadı"
"seat-altea","Seat","Altea","/araclar/seat-altea.jpg","https://commons.wikimedia.org/wiki/File:SEAT_Altea_lateral_2.jpg","CC BY 2.0","M.Peinado from Alcalá de Henares, España","","859750","2014","194500","14 Temmuz 2026","2026-10-09","https://www.arabam.com/ikinci-el/otomobil/seat-altea-istanbul","Geçmiş dizin örneği; güncel fiyat doğrulanmadı"
"seat-altea","Seat","Altea","/araclar/seat-altea.jpg","https://commons.wikimedia.org/wiki/File:SEAT_Altea_lateral_2.jpg","CC BY 2.0","M.Peinado from Alcalá de Henares, España","","625000","2012","375000","20 Temmuz 2026","2026-10-09","https://www.arabam.com/ikinci-el/otomobil/seat-altea","Geçmiş dizin örneği; güncel fiyat doğrulanmadı"
"seat-altea","Seat","Altea","/araclar/seat-altea.jpg","https://commons.wikimedia.org/wiki/File:SEAT_Altea_lateral_2.jpg","CC BY 2.0","M.Peinado from Alcalá de Henares, España","","430000","2005","262000","19 Temmuz 2026","2026-10-09","https://www.arabam.com/ikinci-el/otomobil/seat-altea","Geçmiş dizin örneği; güncel fiyat doğrulanmadı"
"cupra-formentor","Cupra","Formentor","/araclar/cupra-formentor.jpg","https://commons.wikimedia.org/wiki/File:Cupra_Formentor_VZ_4Drive_2023_(53424556406).jpg","CC BY-SA 2.0","RL GNZLZ from Chile","","2220000","2022","44500","16 Temmuz 2026","2026-10-09","https://www.arabam.com/ikinci-el/cupra-formentor/arazi-suv-pick-up/cupra-formentor-1-5-tsi-benzin-yari-otomatik-sahibinden","Geçmiş dizin örneği; güncel fiyat doğrulanmadı"
"cupra-formentor","Cupra","Formentor","/araclar/cupra-formentor.jpg","https://commons.wikimedia.org/wiki/File:Cupra_Formentor_VZ_4Drive_2023_(53424556406).jpg","CC BY-SA 2.0","RL GNZLZ from Chile","","2310000","2023","45400","18 Temmuz 2026","2026-10-09","https://www.arabam.com/ikinci-el/cupra-formentor/arazi-suv-pick-up/cupra-formentor-1-5-tsi-benzin-yari-otomatik-sahibinden","Geçmiş dizin örneği; güncel fiyat doğrulanmadı"
"cupra-formentor","Cupra","Formentor","/araclar/cupra-formentor.jpg","https://commons.wikimedia.org/wiki/File:Cupra_Formentor_VZ_4Drive_2023_(53424556406).jpg","CC BY-SA 2.0","RL GNZLZ from Chile","","2450000","2024","40000","17 Temmuz 2026","2026-10-09","https://www.arabam.com/ikinci-el/cupra-formentor/arazi-suv-pick-up/cupra-formentor-1-5-tsi-benzin-yari-otomatik-sahibinden","Geçmiş dizin örneği; güncel fiyat doğrulanmadı"
"cupra-leon","Cupra","Leon","/araclar/cupra-leon.jpg","https://commons.wikimedia.org/wiki/File:Cupra_Leon,_WAW.jpg","CC BY 4.0","Raf24~commonswiki","","2020000","2023","106000","21 Haziran 2026","2026-10-09","https://www.arabam.com/ikinci-el/otomobil/cupra-leon","Geçmiş dizin örneği; güncel fiyat doğrulanmadı"
"cupra-leon","Cupra","Leon","/araclar/cupra-leon.jpg","https://commons.wikimedia.org/wiki/File:Cupra_Leon,_WAW.jpg","CC BY 4.0","Raf24~commonswiki","","1725000","2023","61000","21 Temmuz 2026","2026-10-09","https://www.arabam.com/ikinci-el/otomobil/cupra-leon","Geçmiş dizin örneği; güncel fiyat doğrulanmadı"
"cupra-leon","Cupra","Leon","/araclar/cupra-leon.jpg","https://commons.wikimedia.org/wiki/File:Cupra_Leon,_WAW.jpg","CC BY 4.0","Raf24~commonswiki","","2100000","2023","63000","21 Temmuz 2026","2026-10-09","https://www.arabam.com/ikinci-el/otomobil/cupra-leon","Geçmiş dizin örneği; güncel fiyat doğrulanmadı"
"cupra-born","Cupra","Born","/araclar/cupra-born.jpg","https://commons.wikimedia.org/wiki/File:2023_Cupra_Born_V1_EV_-_58kWh_(203PS)_Electric_-_Glacial_White_-_07-2024,_Front.jpg","CC BY 4.0","Harvey Bold","","2250000","2024","6670","15 Temmuz 2026","2026-10-09","https://www.arabam.com/ikinci-el/otomobil/cupra-born","Geçmiş dizin örneği; güncel fiyat doğrulanmadı"
"cupra-born","Cupra","Born","/araclar/cupra-born.jpg","https://commons.wikimedia.org/wiki/File:2023_Cupra_Born_V1_EV_-_58kWh_(203PS)_Electric_-_Glacial_White_-_07-2024,_Front.jpg","CC BY 4.0","Harvey Bold","","1890000","2024","13000","05 Temmuz 2026","2026-10-09","https://www.arabam.com/ikinci-el/otomobil/cupra-born","Geçmiş dizin örneği; güncel fiyat doğrulanmadı"
"cupra-ateca","Cupra","Ateca","/araclar/cupra-ateca.jpg","https://commons.wikimedia.org/wiki/File:Cupra_Ateca_at_IAA_2019_IMG_0545.jpg","CC BY-SA 4.0","Alexander Migl","","","","","","2026-10-09","","Güncel fiyat doğrulanmadı"
"skoda-favorit","Skoda","Favorit","/araclar/skoda-favorit.jpg","https://commons.wikimedia.org/wiki/File:SKODA_FAVORIT_135_LS.JPG","Public domain","Kelovy","","125000","1994","320000","17 Temmuz 2026","2026-10-09","https://www.arabam.com/ikinci-el/otomobil/skoda-favorit","Geçmiş dizin örneği; güncel fiyat doğrulanmadı"
"skoda-favorit","Skoda","Favorit","/araclar/skoda-favorit.jpg","https://commons.wikimedia.org/wiki/File:SKODA_FAVORIT_135_LS.JPG","Public domain","Kelovy","","100000","1993","220000","21 Temmuz 2026","2026-10-09","https://www.arabam.com/ikinci-el/otomobil/skoda-favorit","Geçmiş dizin örneği; güncel fiyat doğrulanmadı"
"skoda-favorit","Skoda","Favorit","/araclar/skoda-favorit.jpg","https://commons.wikimedia.org/wiki/File:SKODA_FAVORIT_135_LS.JPG","Public domain","Kelovy","","50000","1993","180000","20 Temmuz 2026","2026-10-09","https://www.arabam.com/ikinci-el/otomobil/skoda-favorit","Geçmiş dizin örneği; güncel fiyat doğrulanmadı"
"skoda-felicia","Skoda","Felicia","/araclar/skoda-felicia.jpg","https://commons.wikimedia.org/wiki/File:%C5%A0koda_Felicia_pre-lift_front_view.jpg","CC0","Wad53","","160000","1999","263000","21 Temmuz 2026","2026-10-09","https://www.arabam.com/ikinci-el/otomobil/skoda-felicia","Geçmiş dizin örneği; güncel fiyat doğrulanmadı"
"skoda-felicia","Skoda","Felicia","/araclar/skoda-felicia.jpg","https://commons.wikimedia.org/wiki/File:%C5%A0koda_Felicia_pre-lift_front_view.jpg","CC0","Wad53","","130000","1996","307074","20 Temmuz 2026","2026-10-09","https://www.arabam.com/ikinci-el/otomobil/skoda-felicia","Geçmiş dizin örneği; güncel fiyat doğrulanmadı"
"skoda-felicia","Skoda","Felicia","/araclar/skoda-felicia.jpg","https://commons.wikimedia.org/wiki/File:%C5%A0koda_Felicia_pre-lift_front_view.jpg","CC0","Wad53","","205000","1999","255000","20 Temmuz 2026","2026-10-09","https://www.arabam.com/ikinci-el/otomobil/skoda-felicia","Geçmiş dizin örneği; güncel fiyat doğrulanmadı"
"skoda-fabia","Skoda","Fabia","/araclar/skoda-fabia.jpg","https://commons.wikimedia.org/wiki/File:Red_%C5%A0koda_Fabia_II_Combi.JPG","CC BY-SA 3.0","This image is a work by Miloslav Rejha ( User:M.Rejha ). When reusing, please credit me as: Miloslav Rejha, Wikimedia Commons . I would appreciate being notified if you use my work outside Wikimedia. Do not copy this image illegally by ignoring the terms of the license below, as it is not in the public domain. If you would like special permission to use, license, or purchase the image please contact me . More of my work can be found in my photostream on Flickr .","","549000","2017","175000","07 Temmuz 2026","2026-10-09","https://www.arabam.com/ikinci-el/otomobil/skoda-fabia","Geçmiş dizin örneği; güncel fiyat doğrulanmadı"
"skoda-fabia","Skoda","Fabia","/araclar/skoda-fabia.jpg","https://commons.wikimedia.org/wiki/File:Red_%C5%A0koda_Fabia_II_Combi.JPG","CC BY-SA 3.0","This image is a work by Miloslav Rejha ( User:M.Rejha ). When reusing, please credit me as: Miloslav Rejha, Wikimedia Commons . I would appreciate being notified if you use my work outside Wikimedia. Do not copy this image illegally by ignoring the terms of the license below, as it is not in the public domain. If you would like special permission to use, license, or purchase the image please contact me . More of my work can be found in my photostream on Flickr .","","440000","2008","181000","21 Temmuz 2026","2026-10-09","https://www.arabam.com/ikinci-el/otomobil/skoda-fabia","Geçmiş dizin örneği; güncel fiyat doğrulanmadı"
"skoda-fabia","Skoda","Fabia","/araclar/skoda-fabia.jpg","https://commons.wikimedia.org/wiki/File:Red_%C5%A0koda_Fabia_II_Combi.JPG","CC BY-SA 3.0","This image is a work by Miloslav Rejha ( User:M.Rejha ). When reusing, please credit me as: Miloslav Rejha, Wikimedia Commons . I would appreciate being notified if you use my work outside Wikimedia. Do not copy this image illegally by ignoring the terms of the license below, as it is not in the public domain. If you would like special permission to use, license, or purchase the image please contact me . More of my work can be found in my photostream on Flickr .","","355000","2004","229000","21 Temmuz 2026","2026-10-09","https://www.arabam.com/ikinci-el/otomobil/skoda-fabia","Geçmiş dizin örneği; güncel fiyat doğrulanmadı"
"skoda-octavia","Skoda","Octavia","/araclar/skoda-octavia.jpg","https://commons.wikimedia.org/wiki/File:2005_Skoda_Octavia_Elegance_TDI_-_1968cc_2.0_(140PS)_Diesel_-_Gold_-_06-2024,_Front.jpg","CC BY 4.0","Harvey Bold","","850000","2016","310000","20 Temmuz 2026","2026-10-09","https://www.arabam.com/ikinci-el/otomobil/skoda-octavia","Geçmiş dizin örneği; güncel fiyat doğrulanmadı"
"skoda-octavia","Skoda","Octavia","/araclar/skoda-octavia.jpg","https://commons.wikimedia.org/wiki/File:2005_Skoda_Octavia_Elegance_TDI_-_1968cc_2.0_(140PS)_Diesel_-_Gold_-_06-2024,_Front.jpg","CC BY 4.0","Harvey Bold","","1522000","2022","128000","20 Temmuz 2026","2026-10-09","https://www.arabam.com/ikinci-el/otomobil/skoda-octavia","Geçmiş dizin örneği; güncel fiyat doğrulanmadı"
"skoda-octavia","Skoda","Octavia","/araclar/skoda-octavia.jpg","https://commons.wikimedia.org/wiki/File:2005_Skoda_Octavia_Elegance_TDI_-_1968cc_2.0_(140PS)_Diesel_-_Gold_-_06-2024,_Front.jpg","CC BY 4.0","Harvey Bold","","1450000","2019","143000","18 Temmuz 2026","2026-10-09","https://www.arabam.com/ikinci-el/otomobil/otomatik-skoda-octavia","Geçmiş dizin örneği; güncel fiyat doğrulanmadı"
"skoda-superb","Skoda","Superb","/araclar/skoda-superb.jpg","https://commons.wikimedia.org/wiki/File:%C5%A0koda_Superb_II_Sanming_02_2022-02-14.jpg","CC BY-SA 4.0","JamesYoung8167","","2250000","2023","89000","21 Temmuz 2026","2026-10-09","https://www.arabam.com/ikinci-el/otomobil/skoda-superb?_sgm_action=click&_sgm_campaign=scn_686324a762000&_sgm_source=9754723","Geçmiş dizin örneği; güncel fiyat doğrulanmadı"
"skoda-superb","Skoda","Superb","/araclar/skoda-superb.jpg","https://commons.wikimedia.org/wiki/File:%C5%A0koda_Superb_II_Sanming_02_2022-02-14.jpg","CC BY-SA 4.0","JamesYoung8167","","1835000","2022","189000","20 Temmuz 2026","2026-10-09","https://www.arabam.com/ikinci-el/otomobil/skoda-superb?_sgm_action=click&_sgm_campaign=scn_686324a762000&_sgm_source=9754723","Geçmiş dizin örneği; güncel fiyat doğrulanmadı"
"skoda-superb","Skoda","Superb","/araclar/skoda-superb.jpg","https://commons.wikimedia.org/wiki/File:%C5%A0koda_Superb_II_Sanming_02_2022-02-14.jpg","CC BY-SA 4.0","JamesYoung8167","","1759000","2020","225000","18 Temmuz 2026","2026-10-09","https://www.arabam.com/ikinci-el/otomobil/skoda-superb","Geçmiş dizin örneği; güncel fiyat doğrulanmadı"
"byd-atto-3","BYD","Atto 3","/araclar/byd-atto-3.jpg","https://commons.wikimedia.org/wiki/File:BYD_Atto_3_front-left.jpg","CC BY 4.0","Hubert Berberich ( HubiB )","","","","","","2026-10-09","","Güncel fiyat doğrulanmadı"
"byd-dolphin","BYD","Dolphin","/araclar/byd-dolphin.jpg","https://commons.wikimedia.org/wiki/File:BYD_Dolphin_IAA_2023_1X7A0365.jpg","CC BY-SA 4.0","Alexander-93","","1575000","2024","19000","13 Temmuz 2026","2026-10-09","https://www.arabam.com/ikinci-el/otomobil/byd-dolphin","Geçmiş dizin örneği; güncel fiyat doğrulanmadı"
"byd-dolphin","BYD","Dolphin","/araclar/byd-dolphin.jpg","https://commons.wikimedia.org/wiki/File:BYD_Dolphin_IAA_2023_1X7A0365.jpg","CC BY-SA 4.0","Alexander-93","","1624900","2025","18690","11 Temmuz 2026","2026-10-09","https://www.arabam.com/ikinci-el/otomobil/byd-dolphin","Geçmiş dizin örneği; güncel fiyat doğrulanmadı"
"byd-dolphin","BYD","Dolphin","/araclar/byd-dolphin.jpg","https://commons.wikimedia.org/wiki/File:BYD_Dolphin_IAA_2023_1X7A0365.jpg","CC BY-SA 4.0","Alexander-93","","1650000","2025","12000","20 Temmuz 2026","2026-10-09","https://www.arabam.com/ikinci-el/otomobil/byd-dolphin","Geçmiş dizin örneği; güncel fiyat doğrulanmadı"
"byd-seal","BYD","Seal","/araclar/byd-seal.jpg","https://commons.wikimedia.org/wiki/File:BYD_Seal_IAA_2023_1X7A0371.jpg","CC BY-SA 4.0","Alexander-93","","2329900","2025","6001","21 Temmuz 2026","2026-10-09","https://www.arabam.com/ikinci-el/otomobil/byd-seal","Geçmiş dizin örneği; güncel fiyat doğrulanmadı"
"byd-seal","BYD","Seal","/araclar/byd-seal.jpg","https://commons.wikimedia.org/wiki/File:BYD_Seal_IAA_2023_1X7A0371.jpg","CC BY-SA 4.0","Alexander-93","","2184000","2025","7500","21 Temmuz 2026","2026-10-09","https://www.arabam.com/ikinci-el/otomobil/byd-seal","Geçmiş dizin örneği; güncel fiyat doğrulanmadı"
"byd-seal","BYD","Seal","/araclar/byd-seal.jpg","https://commons.wikimedia.org/wiki/File:BYD_Seal_IAA_2023_1X7A0371.jpg","CC BY-SA 4.0","Alexander-93","","2759000","2025","28000","21 Temmuz 2026","2026-10-09","https://www.arabam.com/ikinci-el/otomobil/byd-seal","Geçmiş dizin örneği; güncel fiyat doğrulanmadı"
"byd-seal-u","BYD","Seal U","/araclar/byd-seal-u.jpg","https://commons.wikimedia.org/wiki/File:BYD_Seal_U_IAA_2023_1X7A0033.jpg","CC BY-SA 4.0","Alexander-93","","2300000","2025","8500","19 Temmuz 2026","2026-10-09","https://www.arabam.com/ikinci-el/arazi-suv-pick-up/byd-seal-u-dm-i","Geçmiş dizin örneği; güncel fiyat doğrulanmadı"
"byd-seal-u","BYD","Seal U","/araclar/byd-seal-u.jpg","https://commons.wikimedia.org/wiki/File:BYD_Seal_U_IAA_2023_1X7A0033.jpg","CC BY-SA 4.0","Alexander-93","","2300000","2025","29873","17 Temmuz 2026","2026-10-09","https://www.arabam.com/ikinci-el/arazi-suv-pick-up/byd-seal-u-dm-i-yetkili-bayiden","Geçmiş dizin örneği; güncel fiyat doğrulanmadı"
"byd-seal-u","BYD","Seal U","/araclar/byd-seal-u.jpg","https://commons.wikimedia.org/wiki/File:BYD_Seal_U_IAA_2023_1X7A0033.jpg","CC BY-SA 4.0","Alexander-93","","2599990","2025","27248","08 Temmuz 2026","2026-10-09","https://www.arabam.com/ikinci-el/arazi-suv-pick-up/byd-seal-u-dm-i-yetkili-bayiden","Geçmiş dizin örneği; güncel fiyat doğrulanmadı"
"byd-han","BYD","Han","/araclar/byd-han.jpg","https://commons.wikimedia.org/wiki/File:BYD_Han_EV_009.jpg","CC BY-SA 4.0","Jengtingchen","","3345000","2025","34000","16 Temmuz 2026","2026-10-09","https://www.arabam.com/ikinci-el/otomobil/byd-han","Geçmiş dizin örneği; güncel fiyat doğrulanmadı"
"byd-han","BYD","Han","/araclar/byd-han.jpg","https://commons.wikimedia.org/wiki/File:BYD_Han_EV_009.jpg","CC BY-SA 4.0","Jengtingchen","","3450000","2024","19000","16 Temmuz 2026","2026-10-09","https://www.arabam.com/ikinci-el/otomobil/byd-han","Geçmiş dizin örneği; güncel fiyat doğrulanmadı"
"byd-han","BYD","Han","/araclar/byd-han.jpg","https://commons.wikimedia.org/wiki/File:BYD_Han_EV_009.jpg","CC BY-SA 4.0","Jengtingchen","","3790000","2025","11000","15 Temmuz 2026","2026-10-09","https://www.arabam.com/ikinci-el/otomobil/byd-han","Geçmiş dizin örneği; güncel fiyat doğrulanmadı"
"mg-mg-zs","MG","MG ZS","/araclar/mg-mg-zs.png","https://commons.wikimedia.org/wiki/File:2024_MG_ZS_Hybrid%2B_(France)_front_view.png","CC BY 3.0","La Revue Automobile","","1393000","2023","46600","18 Temmuz 2026","2026-10-09","https://www.arabam.com/ikinci-el/arazi-suv-pick-up/mg-zs-sahibinden","Geçmiş dizin örneği; güncel fiyat doğrulanmadı"
"mg-mg-zs","MG","MG ZS","/araclar/mg-mg-zs.png","https://commons.wikimedia.org/wiki/File:2024_MG_ZS_Hybrid%2B_(France)_front_view.png","CC BY 3.0","La Revue Automobile","","1310000","2022","52000","16 Temmuz 2026","2026-10-09","https://www.arabam.com/ikinci-el/arazi-suv-pick-up/mg-zs-sahibinden","Geçmiş dizin örneği; güncel fiyat doğrulanmadı"
"mg-mg-zs","MG","MG ZS","/araclar/mg-mg-zs.png","https://commons.wikimedia.org/wiki/File:2024_MG_ZS_Hybrid%2B_(France)_front_view.png","CC BY 3.0","La Revue Automobile","","1350000","2024","31500","16 Temmuz 2026","2026-10-09","https://www.arabam.com/ikinci-el/arazi-suv-pick-up/mg-zs-sahibinden","Geçmiş dizin örneği; güncel fiyat doğrulanmadı"
"mg-mg4","MG","MG4","/araclar/mg-mg4.jpg","https://commons.wikimedia.org/wiki/File:MG4_EV_Automesse_Ludwigsburg_2022_1X7A5871.jpg","CC BY-SA 4.0","Alexander Migl","","1185000","2023","89000","21 Temmuz 2026","2026-10-09","https://www.arabam.com/ikinci-el/otomobil/mg-4-galeriden","Geçmiş dizin örneği; güncel fiyat doğrulanmadı"
"mg-mg4","MG","MG4","/araclar/mg-mg4.jpg","https://commons.wikimedia.org/wiki/File:MG4_EV_Automesse_Ludwigsburg_2022_1X7A5871.jpg","CC BY-SA 4.0","Alexander Migl","","1485000","2023","47000","21 Temmuz 2026","2026-10-09","https://www.arabam.com/ikinci-el/otomobil/mg-4-galeriden","Geçmiş dizin örneği; güncel fiyat doğrulanmadı"
"mg-mg4","MG","MG4","/araclar/mg-mg4.jpg","https://commons.wikimedia.org/wiki/File:MG4_EV_Automesse_Ludwigsburg_2022_1X7A5871.jpg","CC BY-SA 4.0","Alexander Migl","","1495000","2023","92000","21 Temmuz 2026","2026-10-09","https://www.arabam.com/ikinci-el/otomobil/mg-4-galeriden","Geçmiş dizin örneği; güncel fiyat doğrulanmadı"
"mg-mg-hs","MG","MG HS","/araclar/mg-mg-hs.jpg","https://commons.wikimedia.org/wiki/File:MG_HS_front.jpg","CC BY 4.0","DestinationFearFan","","2025000","2024","13600","20 Temmuz 2026","2026-10-09","https://www.arabam.com/ikinci-el/arazi-suv-pick-up/mg-hs-sahibinden","Geçmiş dizin örneği; güncel fiyat doğrulanmadı"
"mg-mg-hs","MG","MG HS","/araclar/mg-mg-hs.jpg","https://commons.wikimedia.org/wiki/File:MG_HS_front.jpg","CC BY 4.0","DestinationFearFan","","1675000","2024","66300","19 Temmuz 2026","2026-10-09","https://www.arabam.com/ikinci-el/arazi-suv-pick-up/mg-hs","Geçmiş dizin örneği; güncel fiyat doğrulanmadı"
"mg-mg-hs","MG","MG HS","/araclar/mg-mg-hs.jpg","https://commons.wikimedia.org/wiki/File:MG_HS_front.jpg","CC BY 4.0","DestinationFearFan","","2210000","2024","22500","18 Temmuz 2026","2026-10-09","https://www.arabam.com/ikinci-el/arazi-suv-pick-up/mg-hs-sahibinden","Geçmiş dizin örneği; güncel fiyat doğrulanmadı"
"mg-mg5","MG","MG5","/araclar/mg-mg5.jpg","https://commons.wikimedia.org/wiki/File:2022_MG_5_EV.jpg","CC BY-SA 4.0","Calreyn88","","","","","","2026-10-09","","Güncel fiyat doğrulanmadı"
"mg-mg3","MG","MG3","/araclar/mg-mg3.jpg","https://commons.wikimedia.org/wiki/File:MIAS_2024_-_2024_MG3.jpg","CC BY-SA 4.0","Ethan Llamas","","","","","","2026-10-09","","Güncel fiyat doğrulanmadı"
"mini-classic-mini","Mini","Classic Mini","/araclar/mini-classic-mini.jpg","https://commons.wikimedia.org/wiki/File:1969_Austin_Mini_1000_Front.jpg","CC BY-SA 4.0","Vauxford","","","","","","2026-10-09","","Güncel fiyat doğrulanmadı"
"mini-cooper","Mini","Cooper","/araclar/mini-cooper.jpg","https://commons.wikimedia.org/wiki/File:Mini_F56_LCI_Hatch_John_Cooper_Works_Rebel_Green_Chili_Red_(6).jpg","CC BY-SA 4.0","Damian B Oh","","","","","","2026-10-09","","Güncel fiyat doğrulanmadı"
"mini-cooper-s","Mini","Cooper S","/araclar/mini-cooper-s.jpg","https://commons.wikimedia.org/wiki/File:2017_Mini_Cooper_S_2.0_Front.jpg","CC BY-SA 4.0","Vauxford","","719000","2008","218000","20 Temmuz 2026","2026-10-09","https://www.arabam.com/ikinci-el/otomobil/mini-cooper-s-1-6-1-6","Geçmiş dizin örneği; güncel fiyat doğrulanmadı"
"mini-cooper-s","Mini","Cooper S","/araclar/mini-cooper-s.jpg","https://commons.wikimedia.org/wiki/File:2017_Mini_Cooper_S_2.0_Front.jpg","CC BY-SA 4.0","Vauxford","","634000","2004","244000","20 Temmuz 2026","2026-10-09","https://www.arabam.com/ikinci-el/otomobil/mini-cooper-s-1-6-1-6","Geçmiş dizin örneği; güncel fiyat doğrulanmadı"
"mini-cooper-s","Mini","Cooper S","/araclar/mini-cooper-s.jpg","https://commons.wikimedia.org/wiki/File:2017_Mini_Cooper_S_2.0_Front.jpg","CC BY-SA 4.0","Vauxford","","1181000","2012","109000","20 Temmuz 2026","2026-10-09","https://www.arabam.com/ikinci-el/otomobil/mini-cooper-s","Geçmiş dizin örneği; güncel fiyat doğrulanmadı"
"mini-clubman","Mini","Clubman","/araclar/mini-clubman.jpg","https://commons.wikimedia.org/wiki/File:Mini_Clubman_F54_Sanming_01_2022-07-19.jpg","CC BY-SA 4.0","JamesYoung8167","","910000","2008","119962","20 Temmuz 2026","2026-10-09","https://www.arabam.com/ikinci-el/otomobil/mini-cooper-clubman","Geçmiş dizin örneği; güncel fiyat doğrulanmadı"
"mini-clubman","Mini","Clubman","/araclar/mini-clubman.jpg","https://commons.wikimedia.org/wiki/File:Mini_Clubman_F54_Sanming_01_2022-07-19.jpg","CC BY-SA 4.0","JamesYoung8167","","699000","2009","180000","19 Temmuz 2026","2026-10-09","https://www.arabam.com/ikinci-el/otomobil/mini-cooper-clubman","Geçmiş dizin örneği; güncel fiyat doğrulanmadı"
"mini-clubman","Mini","Clubman","/araclar/mini-clubman.jpg","https://commons.wikimedia.org/wiki/File:Mini_Clubman_F54_Sanming_01_2022-07-19.jpg","CC BY-SA 4.0","JamesYoung8167","","1595000","2019","54000","19 Temmuz 2026","2026-10-09","https://www.arabam.com/ikinci-el/otomobil/mini-cooper-clubman","Geçmiş dizin örneği; güncel fiyat doğrulanmadı"
"mini-countryman","Mini","Countryman","/araclar/mini-countryman.jpg","https://commons.wikimedia.org/wiki/File:Mini_Countryman_(F60)_FL_IMG_4974.jpg","CC BY-SA 4.0","Alexander Migl","","825000","2012","238000","20 Temmuz 2026","2026-10-09","https://www.arabam.com/ikinci-el/arazi-suv-pick-up/mini-countryman-otomatik-sahibinden","Geçmiş dizin örneği; güncel fiyat doğrulanmadı"
"mini-countryman","Mini","Countryman","/araclar/mini-countryman.jpg","https://commons.wikimedia.org/wiki/File:Mini_Countryman_(F60)_FL_IMG_4974.jpg","CC BY-SA 4.0","Alexander Migl","","1100000","2011","139000","20 Temmuz 2026","2026-10-09","https://www.arabam.com/ikinci-el/arazi-suv-pick-up/mini-countryman-otomatik-sahibinden","Geçmiş dizin örneği; güncel fiyat doğrulanmadı"
"mini-countryman","Mini","Countryman","/araclar/mini-countryman.jpg","https://commons.wikimedia.org/wiki/File:Mini_Countryman_(F60)_FL_IMG_4974.jpg","CC BY-SA 4.0","Alexander Migl","","1580000","2017","72000","20 Temmuz 2026","2026-10-09","https://www.arabam.com/ikinci-el/arazi-suv-pick-up/mini-countryman-otomatik-sahibinden","Geçmiş dizin örneği; güncel fiyat doğrulanmadı"
"jaguar-xj","Jaguar","XJ","/araclar/jaguar-xj.jpg","https://commons.wikimedia.org/wiki/File:Jaguar_XJ6L_Series_2_Beige_-_front.jpg","CC BY-SA 4.0","Ethan Llamas","","2750000","2011","146000","16 Temmuz 2026","2026-10-09","https://www.arabam.com/ikinci-el/otomobil/jaguar-xj","Geçmiş dizin örneği; güncel fiyat doğrulanmadı"
"jaguar-xj","Jaguar","XJ","/araclar/jaguar-xj.jpg","https://commons.wikimedia.org/wiki/File:Jaguar_XJ6L_Series_2_Beige_-_front.jpg","CC BY-SA 4.0","Ethan Llamas","","2540000","2015","208000","20 Temmuz 2026","2026-10-09","https://www.arabam.com/ikinci-el/otomobil/jaguar-xj","Geçmiş dizin örneği; güncel fiyat doğrulanmadı"
"jaguar-xj","Jaguar","XJ","/araclar/jaguar-xj.jpg","https://commons.wikimedia.org/wiki/File:Jaguar_XJ6L_Series_2_Beige_-_front.jpg","CC BY-SA 4.0","Ethan Llamas","","1750000","1995","191956","19 Temmuz 2026","2026-10-09","https://www.arabam.com/ikinci-el/otomobil/jaguar-xj","Geçmiş dizin örneği; güncel fiyat doğrulanmadı"
"jaguar-x-type","Jaguar","X-Type","/araclar/jaguar-x-type.jpg","https://commons.wikimedia.org/wiki/File:Jaguar_X-Type_sedan_.jpg","Public domain","IFCAR","","919000","2007","94000","21 Temmuz 2026","2026-10-09","https://www.arabam.com/ikinci-el/otomobil/jaguar-x-type-2-1","Geçmiş dizin örneği; güncel fiyat doğrulanmadı"
"jaguar-x-type","Jaguar","X-Type","/araclar/jaguar-x-type.jpg","https://commons.wikimedia.org/wiki/File:Jaguar_X-Type_sedan_.jpg","Public domain","IFCAR","","755000","2009","245000","20 Temmuz 2026","2026-10-09","https://www.arabam.com/ikinci-el/otomobil/jaguar-x-type-galeriden","Geçmiş dizin örneği; güncel fiyat doğrulanmadı"
"jaguar-x-type","Jaguar","X-Type","/araclar/jaguar-x-type.jpg","https://commons.wikimedia.org/wiki/File:Jaguar_X-Type_sedan_.jpg","Public domain","IFCAR","","480000","2006","355000","19 Temmuz 2026","2026-10-09","https://www.arabam.com/ikinci-el/otomobil/jaguar-x-type-galeriden","Geçmiş dizin örneği; güncel fiyat doğrulanmadı"
"jaguar-s-type","Jaguar","S-Type","/araclar/jaguar-s-type.jpg","https://commons.wikimedia.org/wiki/File:2001_Jaguar_S-Type_front.JPG","CC BY-SA 3.0","No machine-readable author provided. Sfoskett~commonswiki assumed (based on copyright claims).","","1500000","2005","90000","16 Temmuz 2026","2026-10-09","https://www.arabam.com/ikinci-el/otomobil/jaguar-s-type","Geçmiş dizin örneği; güncel fiyat doğrulanmadı"
"jaguar-s-type","Jaguar","S-Type","/araclar/jaguar-s-type.jpg","https://commons.wikimedia.org/wiki/File:2001_Jaguar_S-Type_front.JPG","CC BY-SA 3.0","No machine-readable author provided. Sfoskett~commonswiki assumed (based on copyright claims).","","1099000","2001","172000","14 Temmuz 2026","2026-10-09","https://www.arabam.com/ikinci-el/otomobil/jaguar-s-type","Geçmiş dizin örneği; güncel fiyat doğrulanmadı"
"jaguar-s-type","Jaguar","S-Type","/araclar/jaguar-s-type.jpg","https://commons.wikimedia.org/wiki/File:2001_Jaguar_S-Type_front.JPG","CC BY-SA 3.0","No machine-readable author provided. Sfoskett~commonswiki assumed (based on copyright claims).","","850000","2001","240000","08 Temmuz 2026","2026-10-09","https://www.arabam.com/ikinci-el/otomobil/jaguar-s-type","Geçmiş dizin örneği; güncel fiyat doğrulanmadı"
"jaguar-xf","Jaguar","XF","/araclar/jaguar-xf.jpg","https://commons.wikimedia.org/wiki/File:2013_Jaguar_XF_SE_Business_-_2.2_D_(165PS)_diesel_automatic_-_2025-31-07,_front_right.jpg","CC BY-SA 4.0","DieselFordMondeo","","1115000","2012","248000","10 Temmuz 2026","2026-10-09","https://www.arabam.com/ikinci-el/otomobil/jaguar-xf-otomatik","Geçmiş dizin örneği; güncel fiyat doğrulanmadı"
"jaguar-xf","Jaguar","XF","/araclar/jaguar-xf.jpg","https://commons.wikimedia.org/wiki/File:2013_Jaguar_XF_SE_Business_-_2.2_D_(165PS)_diesel_automatic_-_2025-31-07,_front_right.jpg","CC BY-SA 4.0","DieselFordMondeo","","800000","2008","196000","19 Temmuz 2026","2026-10-09","https://www.arabam.com/ikinci-el/otomobil/jaguar-xf","Geçmiş dizin örneği; güncel fiyat doğrulanmadı"
"jaguar-xf","Jaguar","XF","/araclar/jaguar-xf.jpg","https://commons.wikimedia.org/wiki/File:2013_Jaguar_XF_SE_Business_-_2.2_D_(165PS)_diesel_automatic_-_2025-31-07,_front_right.jpg","CC BY-SA 4.0","DieselFordMondeo","","1680000","2016","200000","14 Temmuz 2026","2026-10-09","https://www.arabam.com/ikinci-el/otomobil/jaguar-xf-2-0-d-galeriden","Geçmiş dizin örneği; güncel fiyat doğrulanmadı"
"jaguar-f-type","Jaguar","F-Type","/araclar/jaguar-f-type.jpg","https://commons.wikimedia.org/wiki/File:2020_Jaguar_F-Type_Convertible_IMG_5821.jpg","CC BY-SA 4.0","Alexander Migl","","8975000","2023","25000","06 Temmuz 2026","2026-10-09","https://www.arabam.com/ikinci-el/otomobil/jaguar-f-type-galeriden","Geçmiş dizin örneği; güncel fiyat doğrulanmadı"
"jaguar-f-type","Jaguar","F-Type","/araclar/jaguar-f-type.jpg","https://commons.wikimedia.org/wiki/File:2020_Jaguar_F-Type_Convertible_IMG_5821.jpg","CC BY-SA 4.0","Alexander Migl","","5300000","2018","39367","04 Temmuz 2026","2026-10-09","https://www.arabam.com/ikinci-el/otomobil/jaguar-f-type","Geçmiş dizin örneği; güncel fiyat doğrulanmadı"
"jaguar-f-type","Jaguar","F-Type","/araclar/jaguar-f-type.jpg","https://commons.wikimedia.org/wiki/File:2020_Jaguar_F-Type_Convertible_IMG_5821.jpg","CC BY-SA 4.0","Alexander Migl","","5300000","2018","39367","19 Temmuz 2026","2026-10-09","https://www.arabam.com/ikinci-el/otomobil/jaguar-f-type-galeriden","Geçmiş dizin örneği; güncel fiyat doğrulanmadı"
